country,date,t_max_observed,t_node_gap,first_tenor_dropped,worst_tenor,worst_forward,par_at_worst,worst_diff_bp,first_tenor_dropped_200bp,dropped
FR,2009-02-28,30.0,30.0,,10.0,0.057147586380257076,0.036699999999999997,204.47586380257079,10.0,False
FR,2009-05-31,30.0,30.0,,10.0,0.061090706854453725,0.0398,212.90706854453722,10.0,False
FR,2009-12-31,30.0,30.0,,10.0,0.055972177494544306,0.03587,201.02177494544307,10.0,False
FR,2010-01-31,30.0,30.0,,10.0,0.05594923777285743,0.0349,210.4923777285743,10.0,False
FR,2010-02-28,30.0,30.0,,10.0,0.05410889254354534,0.03376,203.4889254354534,10.0,False
FR,2010-03-31,30.0,30.0,,10.0,0.05530549662579842,0.03418,211.2549662579842,10.0,False
FR,2010-04-30,30.0,30.0,,10.0,0.05458979296202959,0.03329,212.99792962029593,5.0,False
FR,2010-05-31,30.0,30.0,,10.0,0.050778024600758975,0.02941,213.68024600758977,10.0,False
FR,2010-06-30,30.0,30.0,,10.0,0.052682482459404545,0.03085,218.32482459404545,10.0,False
FR,2010-07-31,30.0,30.0,,10.0,0.050613161243445726,0.029910000000000003,207.03161243445723,10.0,False
FR,2011-08-31,30.0,30.0,,15.0,0.0538295645250737,0.033549999999999996,202.79564525073707,15.0,False
FR,2011-09-30,30.0,30.0,,15.0,0.05418378863951934,0.032170000000000004,220.13788639519333,15.0,False
FR,2011-10-31,30.0,30.0,,15.0,0.05962230952875869,0.03697,226.52309528758684,14.0,False
FR,2011-12-31,30.0,30.0,,7.0,0.04650799919050885,0.02649,200.17999190508854,7.0,False
FR,2012-01-31,30.0,30.0,,10.0,0.05115901509536669,0.03087,202.89015095366688,7.0,False
FR,2012-02-29,30.0,30.0,,10.0,0.05031019109506962,0.02942,208.90191095069622,7.0,False
FR,2012-03-31,30.0,30.0,,10.0,0.05073750490209816,0.029089999999999998,216.47504902098166,10.0,False
FR,2012-04-30,30.0,30.0,,10.0,0.052655444771586346,0.02994,227.15444771586345,7.0,False
FR,2012-06-30,30.0,30.0,,10.0,0.048600131052103146,0.02696,216.40131052103143,10.0,False
FR,2012-07-31,30.0,30.0,,10.0,0.04372062022039169,0.02175,219.70620220391694,7.0,False
FR,2012-08-31,30.0,30.0,,10.0,0.04557495877165074,0.021589999999999998,239.84958771650744,9.0,False
FR,2012-09-30,30.0,30.0,,10.0,0.04535666361503221,0.02234,230.16663615032212,10.0,False
FR,2012-10-31,30.0,30.0,,15.0,0.05032709675387137,0.02778,225.4709675387137,10.0,False
FR,2012-11-30,30.0,30.0,,10.0,0.0457269728674814,0.0203,254.269728674814,9.0,False
FR,2012-12-31,30.0,30.0,,10.0,0.045616677930151894,0.019790000000000002,258.2667793015189,9.0,False
FR,2013-01-31,30.0,30.0,,10.0,0.044522164059421776,0.02254,219.82164059421774,10.0,False
FR,2013-02-28,30.0,30.0,,10.0,0.04657371178041991,0.02174,248.33711780419915,9.0,False
FR,2013-03-31,30.0,30.0,,10.0,0.04534936735385209,0.0203,250.49367353852088,9.0,False
FR,2013-04-30,30.0,30.0,,15.0,0.04662438602517782,0.023610000000000003,230.1438602517782,10.0,False
FR,2013-05-31,30.0,30.0,,15.0,0.04969326618976111,0.02617,235.2326618976111,10.0,False
FR,2013-06-30,30.0,30.0,,10.0,0.04746226170495338,0.02319,242.7226170495338,9.0,False
FR,2013-07-31,30.0,30.0,,10.0,0.04839109954088605,0.02305,253.41099540886051,9.0,False
FR,2013-08-31,30.0,30.0,,10.0,0.051555247657736114,0.024990000000000002,265.65247657736114,9.0,False
FR,2013-09-30,30.0,30.0,,10.0,0.04990362484424593,0.023969999999999998,259.33624844245935,9.0,False
FR,2013-10-31,30.0,30.0,,10.0,0.04787932061281541,0.0226,252.79320612815414,9.0,False
FR,2013-11-30,30.0,30.0,,10.0,0.04886066098905628,0.02253,263.3066098905628,9.0,False
FR,2013-12-31,30.0,30.0,,10.0,0.050806002586913035,0.02497,258.36002586913037,9.0,False
FR,2014-01-31,30.0,30.0,,10.0,0.0465473183634737,0.021869999999999997,246.77318363473702,9.0,False
FR,2014-02-28,30.0,30.0,,10.0,0.0445360462498674,0.02062,239.160462498674,9.0,False
FR,2014-03-31,30.0,30.0,,10.0,0.04342438293235551,0.02019,232.3438293235551,9.0,False
FR,2014-04-30,30.0,30.0,,10.0,0.04308195471668941,0.0199,231.81954716689407,9.0,False
FR,2014-05-31,30.0,30.0,,10.0,0.04017176326774696,0.01781,223.61763267746963,10.0,False
FR,2014-06-30,30.0,30.0,,10.0,0.03761762469845498,0.01611,215.07624698454978,10.0,False
FR,2014-07-31,30.0,30.0,,10.0,0.03555001568294203,0.014650000000000002,209.00015682942023,10.0,False
FR,2017-01-31,30.0,30.0,,10.0,0.03175080019742027,0.01084,209.10800197420266,10.0,False
JP,1976-10-31,9.0,9.0,,8.0,0.060095840056096694,0.08547,-253.7415994390331,8.0,False
JP,1976-11-30,9.0,9.0,,8.0,0.0647963152020179,0.08587,-210.73684797982105,8.0,False
JP,1976-12-31,9.0,9.0,,8.0,0.060360987988113735,0.08586,-254.9901201188627,8.0,False
JP,1977-12-31,9.0,9.0,,6.0,0.09132794484139439,0.0649,264.27944841394395,6.0,False
JP,1978-01-31,9.0,9.0,6.0,6.0,0.10932609030945706,0.0654,439.2609030945706,5.5,True
JP,1978-02-28,9.0,9.0,,6.0,0.09378241475269578,0.06512,286.62414752695776,6.0,False
JP,1978-03-31,9.0,9.0,,6.0,0.08616833661294998,0.06373999999999999,224.28336612949988,6.0,False
JP,1978-04-30,9.0,9.0,,6.0,0.08648339839402919,0.06280000000000001,236.83398394029177,6.0,False
JP,1978-05-31,9.0,9.0,,6.0,0.08487230323723827,0.06221,226.62303237238265,6.0,False
JP,1978-06-30,9.0,9.0,,6.0,0.08717576654667347,0.06232,248.5576654667347,6.0,False
JP,1978-07-31,9.0,9.0,,6.0,0.08836628662410662,0.06279,255.76286624106618,6.0,False
JP,1978-08-31,9.0,9.0,6.0,6.0,0.10478383848737227,0.06462,401.63838487372277,6.0,True
JP,1978-09-30,9.0,9.0,6.0,6.0,0.10405388648286684,0.06463,394.23886482866834,6.0,True
JP,1978-10-31,9.0,9.0,6.0,6.0,0.1036584053399805,0.06365,400.084053399805,5.5,True
JP,1978-11-30,9.0,9.0,,5.0,0.08533903874025572,0.061020000000000005,243.19038740255718,5.0,False
JP,1978-12-31,9.0,9.0,,5.0,0.08768486806148967,0.061509999999999995,261.7486806148968,5.0,False
JP,1979-01-31,9.0,9.0,,5.0,0.08862546401872406,0.0613,273.2546401872406,5.0,False
JP,1979-02-28,9.0,9.0,,8.0,0.09344492069025145,0.06847,249.74920690251452,5.0,False
JP,1979-03-31,9.0,9.0,,6.0,0.09573127155230088,0.07153,242.0127155230088,5.5,False
JP,1979-04-30,9.0,9.0,,9.0,0.10218194025052973,0.07821,239.71940250529732,9.0,False
JP,1979-05-31,9.0,9.0,,9.0,0.10686160534696887,0.07986,270.0160534696887,9.0,False
JP,1979-06-30,9.0,9.0,8.0,8.0,0.1227174825639572,0.08316000000000001,395.57482563957194,8.0,True
JP,1979-07-31,9.0,9.0,,9.0,0.10622271834453478,0.07899,272.32718344534777,9.0,False
JP,1979-08-31,9.0,9.0,8.0,8.0,0.12170926782377878,0.08076,409.4926782377878,8.0,True
JP,1979-09-30,9.0,9.0,8.0,8.0,0.11247843600344476,0.07944,330.38436003444764,8.0,True
JP,1979-10-31,9.0,9.0,8.0,8.0,0.14495311071153916,0.08517,597.8311071153917,7.5,True
JP,1979-11-30,9.0,9.0,,8.0,0.11612580716543008,0.08766,284.65807165430084,7.5,False
JP,1979-12-31,9.0,9.0,,7.0,0.11051162993224217,0.08427,262.41629932242176,7.0,False
JP,1980-01-31,9.0,9.0,7.0,7.0,0.11383473968999636,0.08331,305.24739689996363,7.0,True
JP,1980-02-29,9.0,9.0,,8.0,0.1206829800650322,0.09191,287.7298006503219,7.0,False
JP,1980-03-31,9.0,9.0,4.5,5.0,0.05872033908157315,0.09086,-321.39660918426847,4.0,True
JP,1980-04-30,9.0,9.0,5.0,5.0,0.057848838588413054,0.09494,-370.91161411586944,4.5,True
JP,1980-05-31,9.0,9.0,7.0,7.0,0.12135614417752105,0.08571,356.4614417752106,7.0,True
JP,1980-06-30,9.0,9.0,9.0,9.0,0.05011386026328357,0.08209,-319.76139736716425,9.0,True
JP,1980-07-31,9.0,9.0,,9.0,0.060825237910318686,0.08435000000000001,-235.24762089681323,9.0,False
JP,1980-08-31,9.0,9.0,7.0,9.0,0.045661449298223244,0.08547,-398.0855070177676,4.0,True
JP,1980-09-30,9.0,9.0,7.0,9.0,0.04496647363748729,0.0859,-409.33526362512714,4.0,True
JP,1980-10-31,9.0,9.0,7.0,7.0,0.13783446437278135,0.08907999999999999,487.5446437278136,4.0,True
JP,1980-11-30,9.0,9.0,9.0,9.0,0.03737821534870722,0.08882999999999999,-514.5178465129277,6.0,True
JP,1980-12-31,9.0,9.0,9.0,9.0,0.05501973492207868,0.08739000000000001,-323.7026507792133,8.5,True
JP,1981-01-31,9.0,9.0,9.0,9.0,0.046072837883360584,0.08441000000000001,-383.3716211663943,6.0,True
JP,1981-02-28,9.0,9.0,6.0,9.0,0.043468176088590216,0.08324,-397.7182391140978,6.0,True
JP,1981-03-31,9.0,9.0,6.5,7.0,0.12093477256242902,0.0861,348.3477256242902,6.0,True
JP,1981-04-30,9.0,9.0,6.5,8.0,0.030711011415034628,0.08344,-527.2898858496537,6.0,True
JP,1981-05-31,9.0,9.0,6.0,8.0,0.026219713129646653,0.08586,-596.4028687035335,6.0,True
JP,1981-06-30,9.0,9.0,6.0,8.0,0.017798887337864056,0.08539999999999999,-676.0111266213594,6.0,True
JP,1981-07-31,9.0,9.0,6.0,8.0,0.016356790080312544,0.08664999999999999,-702.9320991968744,5.5,True
JP,1981-08-31,9.0,9.0,6.0,6.0,0.15227407929603576,0.0935,587.7407929603576,5.5,True
JP,1981-09-30,9.0,9.0,6.0,6.0,0.16490712095787075,0.09352,713.8712095787074,5.5,True
JP,1981-10-31,9.0,9.0,6.0,6.0,0.14404699674554555,0.09044,536.0699674554554,5.5,True
JP,1981-11-30,9.0,9.0,8.0,8.0,0.04731124666222075,0.08083,-335.1875333777925,6.0,True
JP,1981-12-31,9.0,9.0,,8.0,0.054176449497361334,0.07974,-255.6355050263867,5.5,False
JP,1982-01-31,9.0,9.0,,8.0,0.05313357089890425,0.07927,-261.36429101095746,5.0,False
JP,1982-02-28,9.0,9.0,8.0,8.0,0.04254561487459685,0.07831,-357.6438512540316,5.5,True
JP,1982-03-31,9.0,9.0,6.0,6.0,0.11327961083343552,0.07987,334.0961083343552,5.5,True
JP,1982-04-30,9.0,9.0,6.0,6.0,0.11363606594830955,0.08016,334.76065948309554,5.5,True
JP,1982-05-31,9.0,9.0,8.0,8.0,0.04052124885601982,0.07875,-382.2875114398018,5.5,True
JP,1982-06-30,9.0,9.0,8.0,8.0,0.04559895090458865,0.08222,-366.2104909541135,5.0,True
JP,1982-07-31,9.0,9.0,8.0,8.0,0.04426538932607427,0.08055,-362.8461067392573,5.0,True
JP,1982-08-31,9.0,9.0,8.0,8.0,0.04845156451489574,0.08155,-330.98435485104255,5.0,True
JP,1982-09-30,9.0,9.0,8.0,8.0,0.03815759577517963,0.08102000000000001,-428.62404224820375,5.0,True
JP,1982-10-31,9.0,9.0,8.0,8.0,0.03548525258392399,0.0809,-454.1474741607601,5.0,True
JP,1983-02-28,9.0,9.0,,7.0,0.04660909386442791,0.07493,-283.2090613557209,7.0,False
JP,1983-03-31,9.0,9.0,7.0,7.0,0.03464344183969148,0.07418,-395.36558160308516,7.0,True
JP,1983-04-30,9.0,9.0,7.0,8.0,0.11892764350367746,0.07694,419.87643503677464,5.0,True
JP,1983-05-31,9.0,9.0,7.0,7.0,0.04227026576890913,0.07493999999999999,-326.6973423109086,5.0,True
JP,1983-06-30,9.0,9.0,,7.0,0.04546384893343358,0.07412,-286.56151066566423,7.0,False
JP,1983-07-31,9.0,9.0,7.0,8.0,0.11750127242140485,0.07743,400.7127242140485,7.0,True
JP,1983-08-31,9.0,9.0,7.0,9.0,0.12336708076381342,0.07911,442.57080763813417,4.0,True
JP,1983-09-30,9.0,9.0,8.0,8.0,0.10676434768797027,0.07423,325.3434768797027,4.0,True
JP,1983-10-31,9.0,9.0,,9.0,0.10628423852971958,0.07658000000000001,297.04238529719566,4.0,False
JP,1983-11-30,9.0,9.0,,9.0,0.09698474324035278,0.07514,218.44743240352778,9.0,False
JP,1984-02-29,9.0,9.0,,8.0,0.10305412944827097,0.07411,289.44129448270974,7.5,False
JP,1984-03-31,9.0,9.0,,8.0,0.10010730742682572,0.07167,284.3730742682572,8.0,False
JP,1984-04-30,9.0,9.0,8.0,8.0,0.1112864456855509,0.07236,389.26445685550914,7.5,True
JP,1984-05-31,9.0,9.0,8.0,8.0,0.11362304707892368,0.07619,374.3304707892368,7.5,True
JP,1984-06-30,9.0,9.0,,9.0,0.1030570114480176,0.07489,281.670114480176,9.0,False
JP,1984-07-31,9.0,9.0,,9.0,0.10391138772251662,0.07502,288.91387722516623,9.0,False
JP,1984-08-31,9.0,9.0,,9.0,0.0939448427473697,0.07281,211.34842747369694,9.0,False
JP,1985-02-28,9.0,9.0,,7.0,0.10025114854651118,0.07084,294.1114854651118,7.0,False
JP,1985-03-31,9.0,9.0,,7.0,0.09152793472481124,0.06909,224.37934724811245,7.0,False
JP,1986-03-31,9.0,9.0,,9.0,0.02775853737471401,0.04887,-211.11462625285986,9.0,False
JP,1986-04-30,9.0,9.0,,9.0,0.019336209859629028,0.04903,-296.9379014037097,9.0,False
JP,1986-05-31,9.0,9.0,9.0,9.0,0.004169581979996728,0.052430000000000004,-482.6041802000328,9.0,True
JP,1986-06-30,9.0,9.0,9.0,9.0,0.0032206209525214025,0.04994,-467.19379047478594,8.5,True
JP,1986-10-31,10.0,10.0,10.0,10.0,0.09004399880008096,0.05697,330.7399880008096,9.5,True
JP,1986-11-30,10.0,10.0,10.0,10.0,0.08765217282072801,0.05487,327.8217282072801,9.5,True
JP,1986-12-31,20.0,20.0,,10.0,0.08282308032343422,0.05364,291.83080323434217,9.5,False
JP,1987-01-31,20.0,20.0,,10.0,0.07421142391842417,0.05152,226.91423918424167,8.0,False
JP,1987-02-28,20.0,20.0,9.5,10.0,0.12178725493831433,0.05088,709.0725493831432,9.0,True
JP,1987-03-31,20.0,20.0,9.0,9.0,0.08038931255340054,0.04392,364.6931255340054,8.5,True
JP,1987-04-30,20.0,20.0,,10.0,0.06800483975656779,0.04104,269.6483975656779,9.0,False
JP,1987-05-31,20.0,20.0,18.5,20.0,0.08297472048639243,0.04737,356.04720486392426,15.0,True
JP,1987-06-30,20.0,20.0,,10.0,0.06795287118286564,0.046020000000000005,219.3287118286563,10.0,False
JP,1987-07-31,20.0,20.0,,8.0,0.07168712421556234,0.04962,220.6712421556234,8.0,False
JP,1987-08-31,20.0,20.0,10.0,10.0,0.0942663778984918,0.05489,393.7637789849179,6.0,True
JP,1987-09-30,20.0,20.0,10.0,10.0,0.10300462689936496,0.06307,399.3462689936496,9.5,True
JP,1987-10-31,20.0,20.0,16.5,20.0,0.11051932366554262,0.06293,475.8932366554262,13.5,True
JP,1987-11-30,20.0,20.0,,20.0,0.08889509517378413,0.059480000000000005,294.1509517378413,9.0,False
JP,1987-12-31,20.0,20.0,9.0,9.0,0.09408118128555798,0.04976,443.2118128555798,8.5,True
JP,1988-01-31,20.0,20.0,9.0,10.0,-0.026941962323693835,0.04138,-683.2196232369383,8.5,True
JP,1988-02-29,20.0,20.0,9.0,9.0,0.08490147253694058,0.047270000000000006,376.3147253694057,8.5,True
JP,1988-03-31,20.0,20.0,9.0,9.0,0.08365982455177146,0.04616,374.99824551771457,8.5,True
JP,1988-04-30,20.0,20.0,9.0,9.0,0.08449626189606074,0.04535,391.4626189606074,8.5,True
JP,1988-05-31,20.0,20.0,9.0,10.0,0.09477843234413386,0.05086,439.18432344133856,8.5,True
JP,1988-06-30,20.0,20.0,9.5,10.0,0.1126891595553754,0.0538,588.891595553754,8.0,True
JP,1988-07-31,20.0,20.0,8.0,8.0,0.10115740326598788,0.04942,517.3740326598788,7.5,True
JP,1988-08-31,20.0,20.0,8.0,8.0,0.11775655812670083,0.05302,647.3655812670083,7.5,True
JP,1988-09-30,20.0,20.0,8.0,8.0,0.09417088585048083,0.049089999999999995,450.80885850480837,7.5,True
JP,1988-10-31,20.0,20.0,8.0,8.0,0.0762212656324055,0.04506,311.61265632405497,8.0,True
JP,1988-11-30,20.0,20.0,,8.0,0.07292722953495812,0.04372,292.0722953495811,8.0,False
JP,1988-12-31,20.0,20.0,8.0,8.0,0.08580212895985762,0.045739999999999996,400.6212895985762,7.5,True
JP,1989-01-31,20.0,20.0,8.0,8.0,0.08112918332831964,0.04659,345.39183328319643,8.0,True
JP,1989-02-28,20.0,20.0,,10.0,0.07711075726553185,0.05106,260.5075726553185,10.0,False
JP,1989-03-31,20.0,20.0,,10.0,0.07594845436763542,0.05112,248.28454367635422,10.0,False
JP,1989-04-30,20.0,20.0,,9.0,0.07173398699904254,0.04999,217.43986999042542,9.0,False
JP,1989-05-31,20.0,20.0,,9.0,0.08046059388227289,0.05175,287.10593882272894,9.0,False
JP,1990-02-28,20.0,20.0,10.0,10.0,0.023018202410378885,0.06436,-413.41797589621115,7.0,True
JP,1990-03-31,20.0,20.0,,10.0,0.043367333056986146,0.06816,-247.92666943013853,10.0,False
JP,1990-04-30,20.0,20.0,10.0,10.0,0.030721928963010958,0.06723,-365.0807103698904,9.5,True
JP,1990-05-31,20.0,20.0,10.0,10.0,0.018401350212479572,0.06263,-442.2864978752043,9.5,True
JP,1990-06-30,20.0,20.0,,10.0,0.044590629850741026,0.06704,-224.49370149258976,10.0,False
JP,1990-09-30,20.0,20.0,10.0,10.0,0.11176990297056455,0.08105000000000001,307.1990297056454,9.0,True
JP,1990-10-31,20.0,20.0,10.0,10.0,0.11839016644645062,0.07441,439.80166446450613,9.0,True
JP,1990-11-30,20.0,20.0,,9.0,0.04258817295390305,0.06856,-259.7182704609695,9.0,False
JP,1990-12-31,20.0,20.0,,9.0,0.042699286369201506,0.06573999999999999,-230.40713630798487,9.0,False
JP,1992-03-31,20.0,20.0,,15.0,0.08300735321017672,0.059669999999999994,233.3735321017672,14.0,False
JP,1992-04-30,20.0,20.0,,6.0,0.08571704251847057,0.0576,281.17042518470566,5.0,False
JP,1992-05-31,20.0,20.0,,6.0,0.07761026299803286,0.05609,215.20262998032862,6.0,False
JP,1992-06-30,20.0,20.0,,15.0,0.08225605463939867,0.05973,225.2605463939867,14.5,False
JP,1992-07-31,20.0,20.0,17.0,20.0,0.10440702757279641,0.06093,434.7702757279641,15.5,True
JP,1992-08-31,20.0,20.0,16.5,20.0,0.10896572388576242,0.06098,479.8572388576242,14.5,True
JP,1992-09-30,20.0,20.0,,15.0,0.08223037491420415,0.05566,265.7037491420415,13.0,False
JP,1992-10-31,20.0,20.0,,15.0,0.08496713233948339,0.05558,293.8713233948339,12.5,False
JP,1992-11-30,20.0,20.0,15.0,15.0,0.08626610467453366,0.05529,309.7610467453366,12.0,True
JP,1992-12-31,20.0,20.0,10.0,10.0,0.08279043119958196,0.049699999999999994,330.9043119958197,9.5,True
JP,1993-01-31,20.0,20.0,,15.0,0.07895977601899551,0.052770000000000004,261.897760189955,10.0,False
JP,1993-02-28,20.0,20.0,14.5,15.0,0.08278815227846859,0.049530000000000005,332.58152278468583,10.0,True
JP,1993-03-31,20.0,20.0,14.0,15.0,0.08936408565268184,0.053079999999999995,362.8408565268184,10.5,True
JP,1993-04-30,20.0,20.0,13.0,15.0,0.09541667793715525,0.05496,404.56677937155246,11.0,True
JP,1993-05-31,20.0,20.0,14.5,15.0,0.08804315555876707,0.055119999999999995,329.23155558767075,11.5,True
JP,1993-06-30,20.0,20.0,15.0,15.0,0.08511278741185269,0.05325,318.62787411852685,11.5,True
JP,1993-07-31,20.0,20.0,13.5,15.0,0.0896806277124027,0.05179,378.90627712402704,11.0,True
JP,1993-08-31,20.0,20.0,14.0,15.0,0.0845666402707983,0.05013,344.36640270798296,11.0,True
JP,1993-09-30,20.0,20.0,,15.0,0.07543242423620056,0.046470000000000004,289.62424236200553,7.0,False
JP,1993-10-31,20.0,20.0,,15.0,0.07236760586429147,0.045110000000000004,272.5760586429147,7.0,False
JP,1993-11-30,20.0,20.0,,7.0,0.061130260196974096,0.03206,290.70260196974095,6.0,False
JP,1993-12-31,20.0,20.0,,7.0,0.056272993747751965,0.029910000000000003,263.6299374775196,6.5,False
JP,1994-01-31,20.0,20.0,,15.0,0.07543740607585403,0.0463,291.3740607585403,6.0,False
JP,1994-02-28,20.0,20.0,,15.0,0.07421604203409804,0.04747,267.4604203409804,6.0,False
JP,1994-03-31,20.0,20.0,,15.0,0.07322196648735235,0.04707,261.51966487352354,6.0,False
JP,1994-04-30,20.0,20.0,,15.0,0.07146794787429123,0.04689,245.77947874291226,13.5,False
JP,1994-05-31,20.0,20.0,,15.0,0.06881916804039379,0.044809999999999996,240.0916804039379,13.5,False
JP,1994-06-30,20.0,20.0,,6.0,0.06437876608830773,0.04061,237.68766088307726,6.0,False
JP,1994-07-31,20.0,20.0,,6.0,0.06785950308932853,0.04201,258.49503089328533,6.0,False
JP,1995-07-31,20.0,20.0,,5.5,0.04397813591304334,0.023370000000000002,206.08135913043336,5.0,False
JP,1995-08-31,20.0,20.0,,6.0,0.05170528262203078,0.02835,233.5528262203078,5.0,False
JP,1995-09-30,20.0,20.0,,6.0,0.0451122781759794,0.02297,221.42278175979402,5.0,False
JP,1995-10-31,20.0,20.0,,6.0,0.046273997851124626,0.023450000000000002,228.23997851124625,5.0,False
JP,1995-11-30,20.0,20.0,,6.0,0.04675695107248101,0.021480000000000003,252.7695107248101,5.0,False
JP,1995-12-31,20.0,20.0,,7.0,0.05329744625032706,0.02795,253.47446250327064,5.5,False
JP,1996-01-31,20.0,20.0,,6.0,0.04814882240091922,0.026389999999999997,217.58822400919226,5.5,False
JP,1996-08-31,20.0,20.0,,8.0,0.052859297929707116,0.028679999999999997,241.79297929707118,8.0,False
JP,1999-01-31,20.0,20.0,,15.0,0.04710615118170103,0.02629,208.16151181701028,15.0,False
JP,1999-02-28,20.0,20.0,,15.0,0.047261818494630514,0.02571,215.51818494630513,14.5,False
JP,1999-03-31,20.0,20.0,,15.0,0.04395657008723197,0.022949999999999998,210.06570087231975,15.0,False
JP,1999-04-30,20.0,20.0,,15.0,0.04025435887213802,0.01972,205.34358872138017,15.0,False
JP,1999-05-31,20.0,20.0,,15.0,0.04203759237083049,0.02053,215.0759237083049,14.5,False
JP,1999-06-30,20.0,20.0,,15.0,0.048657594664019976,0.02505,236.07594664019976,13.5,False
JP,1999-07-31,20.0,20.0,,15.0,0.04622263779243019,0.0236,226.2263779243019,14.0,False
JP,1999-09-30,30.0,30.0,,15.0,0.044072385456686014,0.022250000000000002,218.22385456686013,14.5,False
JP,2000-10-31,30.0,30.0,,30.0,0.04942110212118922,0.02851,209.1110212118922,29.5,False
JP,2000-12-31,30.0,30.0,,30.0,0.04697579699750998,0.02622,207.55796997509978,29.5,False
JP,2001-04-30,30.0,30.0,,30.0,0.044074577122280134,0.023620000000000002,204.5457712228013,30.0,False
JP,2001-10-31,30.0,30.0,,30.0,0.048548575805478444,0.02473,238.18575805478446,27.5,False
JP,2001-12-31,30.0,30.0,,30.0,0.04789057464697444,0.02484,230.50574646974437,28.0,False
JP,2002-01-31,30.0,30.0,,30.0,0.049392834287773635,0.02614,232.52834287773635,28.0,False
JP,2002-02-28,30.0,30.0,,30.0,0.047664409951877484,0.02566,220.04409951877486,29.0,False
JP,2004-07-31,30.0,30.0,,25.0,0.04847987531435494,0.027160000000000004,213.19875314354934,24.5,False
JP,2013-01-31,40.0,40.0,,20.0,0.03936265599522493,0.01766,217.02655995224927,19.0,False
JP,2013-02-28,40.0,40.0,,20.0,0.038613099991019695,0.01634,222.73099991019694,19.0,False
JP,2013-04-30,40.0,40.0,,20.0,0.03561915077899824,0.0149,207.19150778998244,20.0,False
JP,2013-07-31,40.0,40.0,,20.0,0.037738546226309344,0.017070000000000002,206.68546226309343,20.0,False
JP,2013-08-31,40.0,40.0,,20.0,0.037542841217719225,0.01652,210.22841217719224,19.5,False
JP,2013-09-30,40.0,40.0,,20.0,0.037064352819432544,0.01581,212.54352819432543,19.5,False
JP,2013-10-31,40.0,40.0,,20.0,0.037021944140431584,0.015109999999999998,219.11944140431586,19.0,False
JP,2013-11-30,40.0,40.0,,20.0,0.0374829973846611,0.01509,223.929973846611,19.0,False
JP,2013-12-31,40.0,40.0,,20.0,0.037756868059106496,0.01584,219.16868059106497,19.0,False
JP,2014-01-31,40.0,40.0,,20.0,0.0366012716141606,0.01482,217.81271614160602,19.0,False
JP,2014-02-28,40.0,40.0,,20.0,0.03767813418809163,0.014650000000000002,230.28134188091624,18.5,False
JP,2014-03-31,40.0,40.0,,20.0,0.037380618628080065,0.015069999999999998,223.10618628080064,19.0,False
JP,2014-04-30,40.0,40.0,,20.0,0.03651909440248069,0.0149,216.1909440248069,19.5,False
JP,2014-05-31,40.0,40.0,,20.0,0.03588782043360639,0.01456,213.27820433606388,19.5,False
JP,2014-06-30,40.0,40.0,,20.0,0.03565514662681779,0.0143,213.5514662681779,19.5,False
JP,2014-07-31,40.0,40.0,,20.0,0.035274334079422376,0.014150000000000001,211.24334079422374,19.5,False
JP,2024-09-30,40.0,40.0,,40.0,0.044281676763281874,0.0235,207.81676763281874,39.5,False
JP,2024-10-31,40.0,40.0,,40.0,0.05098711554119206,0.02492,260.6711554119206,36.0,False
JP,2024-11-30,40.0,40.0,,40.0,0.05356631117034083,0.02568,278.86311170340826,35.0,False
JP,2024-12-31,40.0,40.0,,40.0,0.05198808392762566,0.02556,264.28083927625664,35.5,False
JP,2025-01-31,40.0,40.0,,40.0,0.052135474417756233,0.025920000000000002,262.1547441775623,36.0,False
JP,2025-02-28,40.0,40.0,,40.0,0.04961416032846944,0.02622,233.94160328469437,37.5,False
JP,2025-04-30,40.0,40.0,,40.0,0.05822978398516021,0.02936,288.6978398516021,34.5,False
JP,2025-05-31,40.0,40.0,,40.0,0.058286947139106315,0.03108,272.06947139106313,35.5,False
JP,2025-06-30,40.0,40.0,40.0,40.0,0.06135170539255874,0.03093,304.21705392558744,25.0,True
JP,2025-07-31,40.0,40.0,39.5,40.0,0.06532674166404617,0.03308,322.46741664046175,15.0,True
JP,2025-08-31,40.0,40.0,,25.0,0.058243700429893464,0.029380000000000003,288.6370042989346,15.0,False
JP,2025-09-30,40.0,40.0,,40.0,0.06054048963719838,0.03314,274.00489637198376,19.5,False
JP,2025-10-31,40.0,40.0,24.5,25.0,0.06118649077614946,0.029750000000000002,314.36490776149463,19.5,True
JP,2025-11-30,40.0,40.0,24.0,25.0,0.06491510256321864,0.0319,330.1510256321864,14.5,True
JP,2025-12-31,40.0,40.0,24.5,25.0,0.06493305691271889,0.03308,318.5305691271889,20.0,True
JP,2026-01-31,40.0,40.0,24.0,25.0,0.06892097035763878,0.03543,334.90970357638776,14.0,True
JP,2026-02-28,40.0,40.0,,25.0,0.059921094250121376,0.03286,270.61094250121374,21.5,False
JP,2026-03-31,40.0,40.0,,25.0,0.0644133440346879,0.03589,285.23344034687904,14.5,False
JP,2026-04-30,40.0,40.0,,25.0,0.0636835598441845,0.03686,268.235598441845,14.5,False
JP,2026-05-31,40.0,40.0,25.0,25.0,0.0691135509390457,0.03859,305.23550939045697,14.5,True
JP,2026-06-30,40.0,40.0,,25.0,0.06418646171769993,0.03883,253.56461717699923,14.0,False
JP,2026-07-31,40.0,40.0,,25.0,0.0696424792313286,0.03987,297.724792313286,14.0,False
JP,2026-08-31,40.0,40.0,,25.0,0.0702698689487733,0.04102,292.4986894877329,14.0,False
US,1969-09-30,20.0,20.0,,20.0,0.044094174373453976,0.0682,-241.05825626546022,18.0,False
US,1969-12-31,20.0,20.0,19.0,20.0,0.03657462632114705,0.0694,-328.2537367885295,7.0,True
US,1970-01-31,20.0,20.0,,20.0,0.04179624954384731,0.0696,-278.0375045615269,16.5,False
US,1970-04-30,20.0,20.0,,20.0,0.043710261378480775,0.0707,-269.8973862151922,16.5,False
US,1970-06-30,20.0,20.0,,20.0,0.05021165184002707,0.0711,-208.88348159972924,19.5,False
US,1973-10-31,20.0,20.0,,20.0,0.10263725912688137,0.073,296.3725912688138,17.0,False
US,1973-11-30,20.0,20.0,,20.0,0.09841133970516158,0.0722,262.11339705161583,18.0,False
US,1973-12-31,20.0,20.0,,20.0,0.09820538817268543,0.0738,244.05388172685423,18.5,False
US,1974-01-31,20.0,20.0,,20.0,0.09952326921087673,0.0748,247.23269210876725,18.5,False
US,1974-02-28,20.0,20.0,,20.0,0.10501734773121374,0.0757,293.1734773121374,17.0,False
US,1974-03-31,20.0,20.0,,20.0,0.10471372130804069,0.0789,258.13721308040687,18.0,False
US,1974-04-30,20.0,20.0,,20.0,0.11145205443581907,0.0819,295.5205443581907,17.0,False
US,1974-05-31,20.0,20.0,19.5,20.0,0.11524070182555946,0.08130000000000001,339.40701825559444,16.0,True
US,1974-06-30,20.0,20.0,,20.0,0.11101062275521811,0.0817,293.10622755218117,17.0,False
US,1974-07-31,20.0,20.0,,20.0,0.10815489390668565,0.0833,248.54893906685646,18.5,False
US,1974-08-31,20.0,20.0,20.0,20.0,0.11789148541502636,0.0864,314.9148541502636,16.5,True
US,1974-09-30,20.0,20.0,19.5,20.0,0.11754716766152074,0.0849,326.47167661520734,16.5,True
US,1974-12-31,20.0,20.0,,20.0,0.10850335788581589,0.0793,292.03357885815893,17.0,False
US,1976-11-30,20.0,20.0,10.0,10.0,0.10013005522781593,0.0701,300.30055227815933,8.0,True
US,1979-10-31,30.0,30.0,,30.0,0.07377887106398706,0.10189999999999999,-281.2112893601293,26.5,False
US,1980-02-29,30.0,30.0,19.0,30.0,0.16251220842995462,0.1225,400.1220842995462,16.0,True
US,1980-03-31,30.0,30.0,,30.0,0.09691873879426804,0.1231,-261.81261205731954,7.0,False
US,1980-06-30,30.0,30.0,,10.0,0.12350928873253864,0.1009,226.09288732538633,9.5,False
US,1980-07-31,30.0,30.0,,10.0,0.1325780486766841,0.1076,249.780486766841,9.0,False
US,1980-08-31,30.0,30.0,,30.0,0.08665744597588176,0.1127,-260.4255402411823,27.5,False
US,1980-09-30,30.0,30.0,,30.0,0.08996384774667288,0.11699999999999999,-270.36152253327117,27.5,False
US,1980-10-31,30.0,30.0,30.0,30.0,0.09133500460545596,0.1223,-309.6499539454405,26.5,True
US,1980-11-30,30.0,30.0,,20.0,0.10285720250911612,0.12380000000000001,-209.42797490883888,20.0,False
US,1980-12-31,30.0,30.0,,20.0,0.10029228489974829,0.1209,-206.07715100251707,20.0,False
US,1981-01-31,30.0,30.0,28.5,30.0,0.08695449862626381,0.12279999999999999,-358.4550137373618,25.0,True
US,1981-02-28,30.0,30.0,26.5,30.0,0.08434491154598978,0.1297,-453.55088454010234,23.0,True
US,1981-03-31,30.0,30.0,23.0,30.0,0.06795715148836212,0.1265,-585.4284851163787,21.0,True
US,1981-04-30,30.0,30.0,25.0,30.0,0.08388934991018004,0.1365,-526.1065008981997,22.0,True
US,1981-05-31,30.0,30.0,24.5,30.0,0.07703622685112133,0.1306,-535.6377314887867,21.5,True
US,1981-06-30,30.0,30.0,23.0,30.0,0.07189329064725136,0.133,-611.0670935274865,20.5,True
US,1981-07-31,30.0,30.0,21.0,30.0,0.0644374923659734,0.1396,-751.625076340266,18.0,True
US,1981-08-31,30.0,30.0,21.0,30.0,0.05955211218496603,0.1478,-882.4788781503396,20.0,True
US,1981-09-30,30.0,30.0,20.5,30.0,0.027732379017048503,0.1519,-1241.676209829515,20.5,True
US,1981-10-31,30.0,30.0,21.0,30.0,0.04835773531283727,0.1436,-952.4226468716274,21.0,True
US,1981-11-30,30.0,30.0,25.0,30.0,0.07792804527862596,0.1291,-511.7195472137404,9.5,True
US,1981-12-31,30.0,30.0,21.0,30.0,0.05055304570635011,0.1365,-859.469542936499,21.0,True
US,1982-01-31,30.0,30.0,21.0,30.0,0.06410441462911853,0.1391,-749.9558537088146,21.0,True
US,1982-02-28,30.0,30.0,22.5,30.0,0.07151113010979127,0.1383,-667.8886989020874,21.0,True
US,1982-03-31,30.0,30.0,25.5,30.0,0.08633229203800985,0.1368,-504.6770796199015,20.0,True
US,1982-04-30,30.0,30.0,27.0,30.0,0.09130996299674354,0.13390000000000002,-425.90037003256475,20.0,True
US,1982-05-31,30.0,30.0,24.0,30.0,0.07706745539861548,0.13390000000000002,-568.3254460138454,21.0,True
US,1982-06-30,30.0,30.0,23.0,30.0,0.07509641795857669,0.1391,-640.0358204142332,20.5,True
US,1982-07-31,30.0,30.0,25.0,30.0,0.08216680319833025,0.13419999999999999,-520.3319680166974,22.0,True
US,1982-09-30,30.0,30.0,27.0,30.0,0.16497155733425184,0.11789999999999999,470.7155733425185,23.5,True
US,1982-10-31,30.0,30.0,24.5,30.0,0.17971352441007982,0.1101,696.1352441007981,21.0,True
US,1982-12-31,30.0,30.0,30.0,30.0,0.07334950261427253,0.1043,-309.5049738572747,19.5,True
US,1983-01-31,30.0,30.0,20.0,20.0,0.14159646450027163,0.1114,301.96464500271634,7.0,True
US,1983-02-28,30.0,30.0,,20.0,0.13504563246267764,0.10619999999999999,288.45632462677656,17.5,False
US,1983-03-31,30.0,30.0,,30.0,0.08103715221118546,0.1069,-258.62847788814537,27.5,False
US,1983-04-30,30.0,30.0,,30.0,0.08076124557823716,0.1038,-230.3875442176284,20.0,False
US,1983-05-31,30.0,30.0,,30.0,0.08189457519360288,0.1097,-278.0542480639713,18.0,False
US,1983-06-30,30.0,30.0,29.0,30.0,0.07593737904843612,0.1101,-341.6262095156389,19.5,True
US,1983-07-31,30.0,30.0,26.5,30.0,0.07500764658820014,0.11800000000000001,-429.9235341179987,18.5,True
US,1983-08-31,30.0,30.0,27.0,30.0,0.07974803877856984,0.11960000000000001,-398.51961221430173,23.5,True
US,1983-09-30,30.0,30.0,27.5,30.0,0.0760585232398523,0.1144,-383.4147676014771,23.5,True
US,1983-10-31,30.0,30.0,29.5,30.0,0.08616438589324926,0.11779999999999999,-316.3561410675073,26.0,True
US,1983-11-30,30.0,30.0,29.5,30.0,0.08388319615930473,0.1167,-328.1680384069527,20.0,True
US,1983-12-31,30.0,30.0,,30.0,0.09513481060196183,0.11869999999999999,-235.65189398038157,29.0,False
US,1984-06-30,30.0,30.0,28.5,30.0,0.10054765177947789,0.1364,-358.52348220522106,25.5,True
US,1984-08-31,30.0,30.0,27.0,30.0,0.08439392361451326,0.1251,-407.06076385486733,24.0,True
US,1984-11-30,30.0,30.0,,30.0,0.08973027840019698,0.1158,-260.6972159980302,28.0,False
US,1984-12-31,30.0,30.0,29.5,30.0,0.08355663535631819,0.11539999999999999,-318.43364643681804,6.0,True
US,1985-02-28,30.0,30.0,25.5,30.0,0.07180961253104168,0.11900000000000001,-471.9038746895833,19.0,True
US,1985-03-31,30.0,30.0,25.0,30.0,0.06787085865295239,0.1164,-485.29141347047613,19.0,True
US,1985-04-30,30.0,30.0,26.0,30.0,0.07156764092096712,0.1148,-432.32359079032875,6.5,True
US,1985-05-31,30.0,30.0,19.0,20.0,0.14220528712623604,0.107,352.0528712623604,6.5,True
US,1985-06-30,30.0,30.0,,20.0,0.13590370557785025,0.1061,298.0370557785025,6.5,False
US,1985-07-31,30.0,30.0,29.0,30.0,0.07357819405666666,0.107,-334.2180594333334,6.5,True
US,1985-08-31,30.0,30.0,19.5,30.0,0.07231870666347251,0.1048,-324.81293336527494,6.5,True
US,1985-09-30,30.0,30.0,18.5,20.0,0.14477538784666,0.1075,372.7538784666,7.0,True
US,1985-10-31,30.0,30.0,19.0,20.0,0.14009481213648822,0.1045,355.9481213648823,16.0,True
US,1985-11-30,30.0,30.0,19.0,20.0,0.13738610379711913,0.1007,366.8610379711913,7.0,True
US,1985-12-31,30.0,30.0,19.0,20.0,0.1301352484654612,0.095,351.35248465461206,16.0,True
US,1986-01-31,30.0,30.0,,20.0,0.12271708329891329,0.09480000000000001,279.1708329891328,17.5,False
US,1991-11-30,30.0,10.0,,7.0,0.09221087845564702,0.0699,223.1087845564701,7.0,False
US,1991-12-31,30.0,10.0,,5.0,0.08027499738976873,0.0593,209.74997389768734,5.0,False
US,1992-01-31,30.0,10.0,,7.0,0.09021974028807156,0.0692,210.19740288071563,5.0,False
US,1992-02-29,30.0,10.0,,5.0,0.08768689993464251,0.0658,218.86899934642517,5.0,False
US,1992-03-31,30.0,10.0,,5.0,0.09011826092947839,0.0694,207.18260929478384,5.0,False
US,1992-04-30,30.0,10.0,,5.0,0.09212287147656273,0.0691,230.22871476562733,5.0,False
US,1992-05-31,30.0,10.0,,5.0,0.0888034906754378,0.0661,227.03490675437797,5.0,False
US,1992-06-30,30.0,10.0,,5.0,0.08629120599480777,0.0629,233.91205994807777,5.0,False
US,1992-07-31,30.0,10.0,,5.0,0.08059273265822475,0.0584,221.92732658224753,5.0,False
US,1992-08-31,30.0,10.0,,7.0,0.0855748099389666,0.0617,238.74809938966604,5.0,False
US,1992-09-30,30.0,10.0,,7.0,0.08465192949741196,0.0594,252.5192949741196,4.5,False
US,1992-10-31,30.0,10.0,,5.0,0.08251573307218041,0.059000000000000004,235.15733072180404,4.5,False
US,1992-11-30,30.0,10.0,,5.0,0.08488483398090518,0.0623,225.84833980905182,5.0,False
US,1992-12-31,30.0,10.0,,5.0,0.08405809043035384,0.0604,236.58090430353835,4.5,False
US,1993-01-31,30.0,10.0,,5.0,0.07713725014989792,0.0557,214.37250149897918,5.0,False
US,1993-02-28,30.0,10.0,,5.0,0.0729395322105515,0.0521,208.39532210551494,5.0,False
US,1993-03-31,30.0,10.0,,5.0,0.07278170593385602,0.0524,203.8170593385602,5.0,False
US,1993-04-30,30.0,10.0,,5.0,0.0721797433054816,0.051399999999999994,207.79743305481608,5.0,False
US,1993-10-31,30.0,30.0,20.0,20.0,0.09174731862234564,0.061200000000000004,305.47318622345637,16.5,True
US,1993-11-30,30.0,30.0,,20.0,0.09379486352990773,0.0646,291.9486352990773,17.0,False
US,1993-12-31,30.0,30.0,20.0,20.0,0.09504632848240568,0.06480000000000001,302.46328482405676,16.5,True
US,1994-01-31,30.0,30.0,,20.0,0.08951092739873956,0.0629,266.1092739873956,17.5,False
US,1994-02-28,30.0,30.0,,20.0,0.09624566413784774,0.0675,287.4566413784774,17.0,False
US,1994-03-31,30.0,30.0,,20.0,0.0956261661702158,0.0723,233.26166170215797,19.0,False
US,1994-05-31,30.0,30.0,,20.0,0.09750843480292337,0.0758,217.08434802923367,19.5,False
US,1994-06-30,30.0,30.0,,20.0,0.09972526720503816,0.0775,222.2526720503816,19.5,False
US,1994-08-31,30.0,30.0,,20.0,0.0977518536453248,0.076,217.51853645324795,19.5,False
US,1994-09-30,30.0,30.0,,20.0,0.0999416259397512,0.07980000000000001,201.4162593975119,20.0,False
US,1995-07-31,30.0,30.0,,20.0,0.08926666665523886,0.0688,204.66666655238856,20.0,False
US,1995-08-31,30.0,30.0,,20.0,0.08763213307354278,0.0672,204.3213307354279,20.0,False
US,1996-01-31,30.0,30.0,,20.0,0.08075067022133453,0.060700000000000004,200.50670221334528,20.0,False
US,1996-02-29,30.0,30.0,,20.0,0.08582295679487628,0.06570000000000001,201.22956794876274,20.0,False
US,1996-03-31,30.0,30.0,,20.0,0.09147981602912303,0.0683,231.7981602912303,19.0,False
US,1998-09-30,30.0,30.0,,20.0,0.0796185274548129,0.051699999999999996,279.1852745481291,17.0,False
US,1998-10-31,30.0,30.0,,20.0,0.0831524159142405,0.0538,293.524159142405,16.5,False
US,1998-11-30,30.0,30.0,,20.0,0.0760708518179869,0.0533,227.70851817986895,19.0,False
US,1998-12-31,30.0,30.0,,20.0,0.08297393739998071,0.053899999999999997,290.7393739998072,17.0,False
US,1999-01-31,30.0,30.0,,20.0,0.08033890764010843,0.0535,268.38907640108425,17.5,False
US,1999-02-28,30.0,30.0,,20.0,0.08155145815110143,0.058499999999999996,230.51458151101434,19.0,False
US,1999-03-31,30.0,30.0,,20.0,0.08733743111176628,0.0592,281.3743111176628,17.0,False
US,1999-04-30,30.0,30.0,,20.0,0.0836584105810465,0.0594,242.58410581046505,18.5,False
US,1999-05-31,30.0,30.0,,30.0,0.036113109210855754,0.0584,-222.86890789144246,19.5,False
US,1999-06-30,30.0,30.0,,30.0,0.03700727622697264,0.059800000000000006,-227.92723773027365,20.0,False
US,1999-07-31,30.0,30.0,,30.0,0.039221168853791566,0.0611,-218.78831146208435,19.5,False
US,1999-08-31,30.0,30.0,30.0,30.0,0.030288288426133736,0.060700000000000004,-304.1171157386627,19.0,True
US,1999-09-30,30.0,30.0,,30.0,0.030655039355245828,0.060599999999999994,-299.44960644754167,18.0,False
US,1999-10-31,30.0,30.0,,30.0,0.034696172036150275,0.0616,-269.0382796384973,19.0,False
US,1999-11-30,30.0,30.0,,30.0,0.03762771551750155,0.0629,-252.7228448249845,20.0,False
US,1999-12-31,30.0,30.0,,30.0,0.037484091296942745,0.06480000000000001,-273.15908703057266,25.0,False
US,2000-02-29,30.0,30.0,,30.0,0.03932794525108707,0.061500000000000006,-221.72054748912936,28.5,False
US,2000-03-31,30.0,30.0,,30.0,0.03392241646892313,0.0584,-244.77583531076868,26.5,False
US,2000-04-30,30.0,30.0,,30.0,0.03620515434576155,0.059699999999999996,-234.9484565423845,27.5,False
US,2000-05-31,30.0,30.0,,30.0,0.03260136116683943,0.0602,-275.9863883316057,24.5,False
US,2000-06-30,30.0,30.0,,30.0,0.034080950667754184,0.059000000000000004,-249.1904933224582,26.0,False
US,2000-07-31,30.0,30.0,,30.0,0.034953149073875034,0.0579,-229.46850926124966,27.5,False
US,2001-02-28,30.0,30.0,,20.0,0.07845972264680112,0.055099999999999996,233.59722646801126,18.5,False
US,2001-03-31,30.0,30.0,,20.0,0.08317310800247513,0.055999999999999994,271.73108002475135,17.5,False
US,2001-04-30,30.0,30.0,,20.0,0.08324862686849399,0.0592,240.4862686849399,18.5,False
US,2001-05-31,30.0,30.0,,20.0,0.08151983268293339,0.059500000000000004,220.19832682933387,19.5,False
US,2001-06-30,30.0,30.0,,20.0,0.07966935942543651,0.0591,205.69359425436514,20.0,False
US,2001-07-31,30.0,30.0,,20.0,0.07797244122912117,0.056100000000000004,218.72441229121165,19.5,False
US,2001-08-31,30.0,30.0,,20.0,0.07941199508818086,0.0547,247.11995088180865,18.0,False
US,2001-09-30,30.0,30.0,19.0,20.0,0.08946194185404988,0.0545,349.61941854049877,15.5,True
US,2001-10-31,30.0,30.0,,20.0,0.07936099179264122,0.050499999999999996,288.60991792641227,17.0,False
US,2001-11-30,30.0,30.0,20.0,20.0,0.08679041292261358,0.0554,313.9041292261358,16.0,True
US,2001-12-31,30.0,30.0,,20.0,0.08559115150170449,0.0574,281.9115150170449,17.0,False
US,2002-01-31,30.0,30.0,,20.0,0.08207594201113877,0.056799999999999996,252.75942011138773,18.0,False
US,2002-02-28,30.0,30.0,20.0,20.0,0.08633526691908644,0.056100000000000004,302.35266919086433,16.5,True
US,2002-03-31,20.0,20.0,,20.0,0.08668972734682145,0.0603,263.89727346821456,17.5,False
US,2002-04-30,20.0,20.0,,20.0,0.08372885800912333,0.0574,263.2885800912333,17.5,False
US,2002-05-31,20.0,20.0,,20.0,0.0869411757160421,0.057699999999999994,292.411757160421,16.5,False
US,2002-06-30,20.0,20.0,19.5,20.0,0.08987359924804861,0.0565,333.73599248048606,15.5,True
US,2002-07-31,20.0,20.0,18.5,20.0,0.09158915509091892,0.0541,374.89155090918916,7.0,True
US,2002-08-31,20.0,20.0,18.5,20.0,0.08698748783291355,0.0506,363.87487832913547,7.0,True
US,2002-09-30,20.0,20.0,17.0,20.0,0.09096827566400334,0.0475,434.6827566400334,7.0,True
US,2002-10-31,20.0,20.0,17.0,20.0,0.09492929134270423,0.050300000000000004,446.2929134270422,6.5,True
US,2002-11-30,20.0,20.0,18.0,20.0,0.09065483563076371,0.0518,388.5483563076371,7.0,True
US,2002-12-31,20.0,20.0,18.0,20.0,0.08715998032648553,0.0483,388.59980326485527,7.0,True
US,2003-01-31,20.0,20.0,18.5,20.0,0.08561653613811093,0.0493,363.16536138110934,15.0,True
US,2003-02-28,20.0,20.0,18.0,20.0,0.08468998927830951,0.047,376.8998927830951,14.5,True
US,2003-03-31,20.0,20.0,18.0,20.0,0.08778938692733651,0.0484,393.8938692733651,7.0,True
US,2003-04-30,20.0,20.0,19.0,20.0,0.08231003645940826,0.0479,344.1003645940827,5.0,True
US,2003-05-31,20.0,20.0,18.5,20.0,0.07953339672952908,0.0436,359.33396729529085,7.0,True
US,2003-06-30,20.0,20.0,18.5,20.0,0.08159290689722787,0.0452,363.9290689722787,7.0,True
US,2003-07-31,20.0,20.0,18.0,20.0,0.09405038835824664,0.054299999999999994,397.5038835824665,4.5,True
US,2003-08-31,20.0,20.0,18.5,20.0,0.08952942201078096,0.0533,362.29422010780956,5.0,True
US,2003-09-30,20.0,20.0,18.5,20.0,0.0863671109624613,0.049100000000000005,372.671109624613,5.0,True
US,2003-10-31,20.0,20.0,19.0,20.0,0.08720007336298741,0.052000000000000005,352.00073362987405,5.0,True
US,2003-11-30,20.0,20.0,19.0,20.0,0.08660133716801788,0.052000000000000005,346.01337168017875,15.5,True
US,2003-12-31,20.0,20.0,19.5,20.0,0.08389386018062939,0.051,328.9386018062939,5.0,True
US,2004-01-31,20.0,20.0,19.5,20.0,0.08280643692372669,0.05,328.0643692372669,15.5,True
US,2004-02-29,20.0,20.0,19.5,20.0,0.08147986387685546,0.048499999999999995,329.79863876855467,10.0,True
US,2004-03-31,20.0,20.0,19.0,20.0,0.08244231808399993,0.04769999999999999,347.4231808399994,10.0,True
US,2004-04-30,20.0,20.0,20.0,20.0,0.08461421992191265,0.053099999999999994,315.14219921912655,16.0,True
US,2004-05-31,20.0,20.0,,20.0,0.08350393852137938,0.053899999999999997,296.0393852137939,16.5,False
US,2004-06-30,20.0,20.0,,20.0,0.08172672500022826,0.0533,284.2672500022826,17.0,False
US,2004-07-31,20.0,20.0,,20.0,0.08171856385039145,0.0524,293.18563850391445,16.5,False
US,2004-08-31,20.0,20.0,20.0,20.0,0.07983223806553608,0.0493,305.3223806553608,16.5,True
US,2004-09-30,20.0,20.0,,20.0,0.07715135044467902,0.0489,282.51350444679025,17.0,False
US,2004-10-31,20.0,20.0,,20.0,0.07535069085609836,0.0479,274.50690856098356,17.0,False
US,2004-11-30,20.0,20.0,,20.0,0.07572572958896706,0.050300000000000004,254.25729588967056,18.0,False
US,2004-12-31,20.0,20.0,,20.0,0.07093497679870686,0.048499999999999995,224.34976798706867,19.0,False
US,2008-01-31,30.0,30.0,,20.0,0.0672022683063005,0.0435,237.02268306300496,18.5,False
US,2008-02-29,30.0,30.0,20.0,20.0,0.0737056522329913,0.0437,300.056522329913,9.5,True
US,2008-03-31,30.0,30.0,20.0,20.0,0.07309196306891885,0.043,300.9196306891886,9.5,True
US,2008-04-30,30.0,30.0,,20.0,0.07052340138629964,0.0449,256.23401386299645,18.0,False
US,2008-05-31,30.0,30.0,,20.0,0.07227779479712271,0.047400000000000005,248.77794797122704,18.0,False
US,2008-06-30,30.0,30.0,,20.0,0.06724037154247076,0.045899999999999996,213.4037154247076,19.5,False
US,2008-07-31,30.0,30.0,,20.0,0.0693273510428809,0.0463,230.273510428809,19.0,False
US,2008-08-31,30.0,30.0,,20.0,0.06721001692244943,0.0447,225.10016922449438,19.0,False
US,2008-09-30,30.0,30.0,,20.0,0.06460180058213427,0.0443,203.01800582134274,20.0,False
US,2008-10-31,30.0,30.0,,10.0,0.0693369648412423,0.0401,292.36964841242303,5.0,False
US,2008-11-30,30.0,30.0,,20.0,0.06240797717285829,0.0371,253.07977172858287,9.5,False
US,2008-12-31,30.0,30.0,,20.0,0.054108771632242814,0.0305,236.08771632242815,18.5,False
US,2009-01-31,30.0,30.0,19.0,20.0,0.0721110267486369,0.038599999999999995,335.110267486369,9.5,True
US,2009-02-28,30.0,30.0,19.5,20.0,0.07259067353413773,0.0398,327.90673534137727,6.5,True
US,2009-03-31,30.0,30.0,,20.0,0.06517358326478817,0.0361,290.7358326478817,7.0,False
US,2009-04-30,30.0,30.0,19.5,20.0,0.07374125431377188,0.040999999999999995,327.4125431377188,6.5,True
US,2009-05-31,30.0,30.0,20.0,20.0,0.07453259627973252,0.0434,311.3259627973252,5.0,True
US,2009-06-30,30.0,30.0,,20.0,0.07001133072625243,0.043,270.11330726252436,5.0,False
US,2009-07-31,30.0,30.0,,20.0,0.0698960528964685,0.0429,269.96052896468495,5.0,False
US,2009-08-31,30.0,30.0,,20.0,0.06674185234413477,0.0414,253.41852344134767,6.5,False
US,2009-09-30,30.0,30.0,,20.0,0.06404356771724351,0.04019999999999999,238.43567717243516,7.0,False
US,2009-10-31,30.0,30.0,,20.0,0.068971534637005,0.04190000000000001,270.71534637005,6.5,False
US,2009-11-30,30.0,30.0,,20.0,0.07039510288286621,0.0407,296.9510288286621,6.5,False
US,2009-12-31,30.0,30.0,,20.0,0.07247810337123162,0.0458,266.7810337123162,5.0,False
US,2010-01-31,30.0,30.0,,20.0,0.07061095393030481,0.0438,268.1095393030481,5.0,False
US,2010-02-28,30.0,30.0,,20.0,0.07244721632250073,0.044000000000000004,284.47216322500725,5.0,False
US,2010-03-31,30.0,30.0,,7.0,0.059212008865425325,0.032799999999999996,264.12008865425327,5.0,False
US,2010-04-30,30.0,30.0,,7.0,0.055932476724062985,0.031200000000000002,247.32476724062982,5.0,False
US,2010-05-31,30.0,30.0,,20.0,0.06568853602159064,0.0405,251.88536021590636,6.5,False
US,2010-06-30,30.0,30.0,,20.0,0.06255962981502483,0.0374,251.5962981502483,7.0,False
US,2010-07-31,30.0,30.0,,20.0,0.06371459130196766,0.0374,263.1459130196766,6.5,False
US,2010-08-31,30.0,30.0,,20.0,0.0554101618482532,0.0323,231.10161848253202,10.0,False
US,2010-09-30,30.0,30.0,,20.0,0.06047731348324592,0.0338,266.7731348324592,7.0,False
US,2010-10-31,30.0,30.0,19.0,20.0,0.06997327026821765,0.0364,335.73270268217647,6.5,True
US,2010-11-30,30.0,30.0,19.0,20.0,0.07148783924651547,0.038,334.8783924651547,6.5,True
US,2010-12-31,30.0,30.0,,20.0,0.07020766394743005,0.041299999999999996,289.0766394743006,5.0,False
US,2011-01-31,30.0,30.0,19.5,20.0,0.07635896240232398,0.0433,330.5896240232398,5.0,True
US,2011-02-28,30.0,30.0,,20.0,0.07190078107920161,0.0425,294.00781079201613,5.0,False
US,2011-03-31,30.0,30.0,,20.0,0.07203151296939958,0.0429,291.3151296939958,5.0,False
US,2011-04-30,30.0,30.0,,20.0,0.07055170438399161,0.0415,290.5170438399161,5.0,False
US,2011-05-31,30.0,30.0,,20.0,0.06830380597857633,0.0391,292.0380597857632,6.5,False
US,2011-06-30,30.0,30.0,19.5,20.0,0.07280156163572538,0.0409,319.01561635725375,5.0,True
US,2011-07-31,30.0,30.0,19.5,20.0,0.06968704815333471,0.0377,319.8704815333471,6.0,True
US,2011-08-31,30.0,30.0,,20.0,0.061604300573488535,0.0319,297.04300573488536,9.0,False
US,2011-09-30,30.0,30.0,,20.0,0.04735042008924584,0.026600000000000002,207.50420089245836,20.0,False
US,2011-10-31,30.0,30.0,,10.0,0.04277683385191189,0.0217,210.76833851911888,10.0,False
US,2012-01-31,30.0,30.0,,20.0,0.04711191001996551,0.0259,212.1191001996551,10.0,False
US,2012-02-29,30.0,30.0,,20.0,0.048603629830456185,0.0273,213.03629830456185,10.0,False
US,2012-03-31,30.0,30.0,,20.0,0.05275573869083905,0.03,227.5573869083905,9.5,False
US,2012-04-30,30.0,30.0,,30.0,0.05400983743592058,0.031200000000000002,228.0983743592058,9.5,False
US,2012-05-31,30.0,30.0,,30.0,0.04774478857554909,0.026699999999999998,210.44788575549092,29.5,False
US,2012-06-30,30.0,30.0,,30.0,0.0479438222072861,0.0276,203.43822207286104,30.0,False
US,2012-08-31,30.0,30.0,,30.0,0.047396010915631726,0.0268,205.96010915631726,30.0,False
US,2012-09-30,30.0,30.0,,30.0,0.05011936685237428,0.0282,219.19366852374282,10.0,False
US,2012-10-31,30.0,30.0,,30.0,0.04989676917228514,0.0285,213.96769172285138,20.0,False
US,2012-11-30,30.0,30.0,,30.0,0.05230828991453951,0.0281,242.0828991453951,20.0,False
US,2012-12-31,30.0,30.0,,30.0,0.05264388923894625,0.029500000000000002,231.4388923894625,10.0,False
US,2013-01-31,30.0,30.0,,10.0,0.04281115408379765,0.0202,226.11154083797655,9.5,False
US,2013-02-28,30.0,30.0,,20.0,0.05048451475084037,0.0271,233.8451475084037,9.5,False
US,2013-03-31,30.0,30.0,,20.0,0.05109095131876473,0.0271,239.90951318764732,9.5,False
US,2013-04-30,30.0,30.0,,20.0,0.046684011023655936,0.024900000000000002,217.84011023655933,10.0,False
US,2013-05-31,30.0,30.0,,20.0,0.052705663585369544,0.029500000000000002,232.0566358536954,9.5,False
US,2013-06-30,30.0,30.0,,20.0,0.053360840175521895,0.0322,211.60840175521895,10.0,False
US,2013-07-31,30.0,30.0,,20.0,0.05626918971942252,0.0334,228.6918971942252,7.0,False
US,2013-08-31,30.0,30.0,,7.0,0.043617777707044336,0.022400000000000003,212.17777707044334,7.0,False
US,2013-09-30,30.0,30.0,,20.0,0.05820615493736536,0.0341,241.06154937365363,7.0,False
US,2013-10-31,30.0,30.0,,20.0,0.056814268970823756,0.0333,235.14268970823753,7.0,False
US,2013-11-30,30.0,30.0,,20.0,0.060690496965403185,0.0354,252.90496965403185,6.0,False
US,2013-12-31,30.0,30.0,,7.0,0.048789831202718625,0.0245,242.89831202718625,5.0,False
US,2014-01-31,30.0,30.0,,7.0,0.043082552055158096,0.0213,217.82552055158098,7.0,False
US,2014-02-28,30.0,30.0,,7.0,0.04239797031327064,0.0213,210.9797031327064,7.0,False
US,2016-01-31,30.0,30.0,,30.0,0.0477654865827295,0.0275,202.654865827295,30.0,False
US,2016-02-29,30.0,30.0,,30.0,0.04744300447608385,0.026099999999999998,213.4300447608385,29.5,False
US,2016-03-31,30.0,30.0,,30.0,0.04686689627063689,0.026099999999999998,207.66896270636894,29.5,False
US,2016-04-30,30.0,30.0,,30.0,0.04703820990998775,0.026600000000000002,204.38209909987748,30.0,False
US,2016-05-31,30.0,30.0,,30.0,0.04720979487581478,0.0264,208.09794875814782,29.5,False
US,2016-06-30,30.0,30.0,,30.0,0.04395151157882626,0.023,209.51511578826265,29.5,False
US,2025-08-31,30.0,30.0,,20.0,0.07174477459058104,0.048600000000000004,231.44774590581036,19.0,False
US,2025-11-30,30.0,30.0,,20.0,0.06741415164563525,0.0462,212.14151645635246,19.5,False
US,2025-12-31,30.0,30.0,,20.0,0.07001633316200451,0.0479,221.16333162004508,19.0,False
US,2026-01-31,30.0,30.0,,20.0,0.06851851202996828,0.0482,203.1851202996828,20.0,False
US,2026-02-28,30.0,30.0,,20.0,0.06678913612886284,0.045700000000000005,210.8913612886283,19.5,False
US,2026-03-31,30.0,30.0,,20.0,0.06997827837499648,0.048799999999999996,211.78278374996486,19.5,False
US,2026-04-30,30.0,30.0,,20.0,0.07075882368029096,0.049699999999999994,210.58823680290968,19.5,False
US,2026-07-31,30.0,30.0,,20.0,0.07312653713880146,0.0528,203.26537138801461,20.0,False
