variant,window,piece,cumulative,share
carry_hedged,full,carry_earned,0.7568305886064814,4.417974185463031
carry_hedged,full,yield_change_pnl,-0.5342581856528836,-3.118714951694464
carry_hedged,full,funding,0.0,0.0
carry_hedged,full,fx,0.0,0.0
carry_hedged,full,cost,-0.05126524794649795,-0.29925923376856756
carry_hedged,full,r_net,0.17130715500709992,1.0
carry_hedged,six,carry_earned,0.5043355765265645,4.838925489509965
carry_hedged,six,yield_change_pnl,-0.36139195331249685,-3.467430845611832
carry_hedged,six,funding,0.0,0.0
carry_hedged,six,fx,0.0,0.0
carry_hedged,six,cost,-0.03871891927516928,-0.3714946438981323
carry_hedged,six,r_net,0.10422470393889827,1.0
carry_hedged,1990s,carry_earned,0.08853238816716845,-13.899972469550718
carry_hedged,1990s,yield_change_pnl,-0.09065163734094255,14.232703866290585
carry_hedged,1990s,funding,0.0,-0.0
carry_hedged,1990s,fx,0.0,-0.0
carry_hedged,1990s,cost,-0.00425,0.6672686032601346
carry_hedged,1990s,r_net,-0.006369249173774086,1.0
carry_hedged,2000s,carry_earned,0.3065244183332638,3.6851078330150195
carry_hedged,2000s,yield_change_pnl,-0.20627029194665916,-2.4798294136047954
carry_hedged,2000s,funding,0.0,0.0
carry_hedged,2000s,fx,0.0,0.0
carry_hedged,2000s,cost,-0.0170749000999001,-0.20527841941022434
carry_hedged,2000s,r_net,0.08317922628670457,1.0
carry_hedged,2010s,carry_earned,0.18941355512021613,1.1433453072258624
carry_hedged,2010s,yield_change_pnl,-0.006446143676370798,-0.0389104576882291
carry_hedged,2010s,funding,0.0,0.0
carry_hedged,2010s,fx,0.0,0.0
carry_hedged,2010s,cost,-0.017301313963813965,-0.1044348495376333
carry_hedged,2010s,r_net,0.16566609748003136,1.0
carry_hedged,2020s,carry_earned,0.1723602269858331,-2.421846895931709
carry_hedged,2020s,yield_change_pnl,-0.23089011268891105,3.244254852152886
carry_hedged,2020s,funding,0.0,-0.0
carry_hedged,2020s,fx,0.0,-0.0
carry_hedged,2020s,cost,-0.012639033882783885,0.17759204377882248
carry_hedged,2020s,r_net,-0.07116891958586191,1.0
carry_unhedged,full,carry_earned,0.34499129787657,0.42456580287146867
carry_unhedged,full,yield_change_pnl,-0.5502217931760647,-0.6771340576270237
carry_unhedged,full,funding,-0.0039940158886556665,-0.004915261842503593
carry_unhedged,full,fx,1.073072481510359,1.3205836856056712
carry_unhedged,full,cost,-0.05127358127983128,-0.06310016900761227
carry_unhedged,full,r_net,0.8125743890423772,1.0
carry_unhedged,six,carry_earned,0.14634711138690532,0.22240471287041305
carry_unhedged,six,yield_change_pnl,-0.36139195331249696,-0.549209839869346
carry_unhedged,six,funding,0.11326471401200028,0.17212916578579185
carry_unhedged,six,fx,0.7985206758589061,1.213517369440739
carry_unhedged,six,cost,-0.03871891927516928,-0.05884140822759851
carry_unhedged,six,r_net,0.6580216286701457,1.0
carry_unhedged,1990s,carry_earned,0.042951357841379316,-0.687821309978606
carry_unhedged,1990s,yield_change_pnl,-0.10661524486412363,1.7073322258390426
carry_unhedged,1990s,funding,-0.046980499289397494,0.7523438184194233
carry_unhedged,1990s,fx,0.05245720186598786,-0.8400475123167201
carry_unhedged,1990s,cost,-0.004258333333333334,0.06819277803685933
carry_unhedged,1990s,r_net,-0.06244551777948734,1.0
carry_unhedged,2000s,carry_earned,0.19416781588180781,0.27580648885918535
carry_unhedged,2000s,yield_change_pnl,-0.20627029194665913,-0.2929975017713397
carry_unhedged,2000s,funding,-0.15359936174494215,-0.21818085794234632
carry_unhedged,2000s,fx,0.8867769109474694,1.2596259843531121
carry_unhedged,2000s,cost,-0.0170749000999001,-0.02425411349861115
carry_unhedged,2000s,r_net,0.7040001730377756,1.0
carry_unhedged,2010s,carry_earned,0.17594798529910138,0.6235976619258263
carry_unhedged,2010s,yield_change_pnl,-0.006446143676370832,-0.02284652545574406
carry_unhedged,2010s,funding,-0.005464512954528166,-0.019367414160578952
carry_unhedged,2010s,fx,0.13541383293251535,0.4799358711927366
carry_unhedged,2010s,cost,-0.017301313963813965,-0.06131959350224024
carry_unhedged,2010s,r_net,0.28214984763690387,1.0
carry_unhedged,2020s,carry_earned,-0.06807586114571854,0.6125779843605752
carry_unhedged,2020s,yield_change_pnl,-0.23089011268891108,2.0776556838114213
carry_unhedged,2020s,funding,0.20205035810021219,-1.8181422757094965
carry_unhedged,2020s,fx,-0.0015754642356135082,0.014176753545849114
carry_unhedged,2020s,cost,-0.012639033882783885,0.11373185399165098
carry_unhedged,2020s,r_net,-0.11113011385281482,1.0
overlay_hedged,full,carry_earned,0.017285337435290468,-0.1896229758214943
overlay_hedged,full,yield_change_pnl,-0.036241682600775,0.3975771794599939
overlay_hedged,full,funding,0.0,-0.0
overlay_hedged,full,fx,0.0,-0.0
overlay_hedged,full,cost,-0.07220000000000001,0.7920457963615002
overlay_hedged,full,r_net,-0.09115634516548457,1.0
overlay_hedged,six,carry_earned,0.027022456565933405,-0.2237318988355558
overlay_hedged,six,yield_change_pnl,-0.09000298319881668,0.7451779331314221
overlay_hedged,six,funding,0.0,-0.0
overlay_hedged,six,fx,0.0,-0.0
overlay_hedged,six,cost,-0.057800000000000004,0.4785539657041333
overlay_hedged,six,r_net,-0.12078052663288333,1.0
overlay_hedged,1990s,carry_earned,-0.005335842603603735,-0.23181772442682186
overlay_hedged,1990s,yield_change_pnl,0.03355324826918349,1.4577337149407348
overlay_hedged,1990s,funding,0.0,0.0
overlay_hedged,1990s,fx,0.0,0.0
overlay_hedged,1990s,cost,-0.005200000000000001,-0.22591599051391292
overlay_hedged,1990s,r_net,0.023017405665579752,1.0
overlay_hedged,2000s,carry_earned,0.004112851021714672,-0.30440190636556536
overlay_hedged,2000s,yield_change_pnl,0.00617589646735188,-0.45709281669884266
overlay_hedged,2000s,funding,0.0,-0.0
overlay_hedged,2000s,fx,0.0,-0.0
overlay_hedged,2000s,cost,-0.0238,1.7614947230644082
overlay_hedged,2000s,r_net,-0.013511252510933446,1.0
overlay_hedged,2010s,carry_earned,-0.0019935742725743985,0.04557451276430653
overlay_hedged,2010s,yield_change_pnl,-0.021549609179202282,0.49263925207818915
overlay_hedged,2010s,funding,0.0,-0.0
overlay_hedged,2010s,fx,0.0,-0.0
overlay_hedged,2010s,cost,-0.020200000000000003,0.4617862351575045
overlay_hedged,2010s,r_net,-0.04374318345177668,1.0
overlay_hedged,2020s,carry_earned,0.02050190328975393,-0.36019237647487046
overlay_hedged,2020s,yield_change_pnl,-0.05442121815810814,0.9561116166625725
overlay_hedged,2020s,funding,0.0,-0.0
overlay_hedged,2020s,fx,0.0,-0.0
overlay_hedged,2020s,cost,-0.023000000000000003,0.4040807598122981
overlay_hedged,2020s,r_net,-0.05691931486835421,1.0
overlay_unhedged,full,carry_earned,-0.10502752414401892,-0.20228535378302984
overlay_unhedged,full,yield_change_pnl,-0.036241682600775094,-0.06980228893653835
overlay_unhedged,full,funding,0.08960138969878179,0.17257427481405005
overlay_unhedged,full,fx,0.6430726046386466,1.238572178080912
overlay_unhedged,full,cost,-0.07220000000000001,-0.1390588101753942
overlay_unhedged,full,r_net,0.5192047875926344,1.0
overlay_unhedged,six,carry_earned,-0.05018298420779026,-0.12710919633647802
overlay_unhedged,six,yield_change_pnl,-0.09000298319881671,-0.22796983963562656
overlay_unhedged,six,funding,0.0444504834944317,0.11258926353104357
overlay_unhedged,six,fx,0.5483376355593936,1.3888922167004023
overlay_unhedged,six,cost,-0.057800000000000004,-0.14640244425934154
overlay_unhedged,six,r_net,0.39480215164721844,1.0
overlay_unhedged,1990s,carry_earned,-0.04607843777294104,-0.32748869903386296
overlay_unhedged,1990s,yield_change_pnl,0.033553248269183496,0.2384696650997977
overlay_unhedged,1990s,funding,0.04392551133043667,0.3121874190025032
overlay_unhedged,1990s,fx,0.11450205327474822,0.8137890578762991
overlay_unhedged,1990s,cost,-0.005200000000000001,-0.03695744294473711
overlay_unhedged,1990s,r_net,0.14070237510142736,1.0
overlay_unhedged,2000s,carry_earned,-0.09066302087636913,-1.6415375613363645
overlay_unhedged,2000s,yield_change_pnl,0.0061758964673518345,0.11182029815559577
overlay_unhedged,2000s,funding,0.07477788779139508,1.3539225847587586
overlay_unhedged,2000s,fx,0.08873978571487283,1.606715616001187
overlay_unhedged,2000s,cost,-0.0238,-0.430920937579177
overlay_unhedged,2000s,r_net,0.055230549097250614,1.0
overlay_unhedged,2010s,carry_earned,-0.003408383020772816,-0.007259769596446304
overlay_unhedged,2010s,yield_change_pnl,-0.021549609179202275,-0.045900122310490954
overlay_unhedged,2010s,funding,0.0015313612732417144,0.003261760765999462
overlay_unhedged,2010s,fx,0.5131157759322769,1.0929236200471006
overlay_unhedged,2010s,cost,-0.020200000000000003,-0.04302548890616307
overlay_unhedged,2010s,r_net,0.4694891450055436,1.0
overlay_unhedged,2020s,carry_earned,0.03512231752606404,-0.240206336343766
overlay_unhedged,2020s,yield_change_pnl,-0.054421218158108124,0.3721941589823366
overlay_unhedged,2020s,funding,-0.030633370696291663,0.20950581462502105
overlay_unhedged,2020s,fx,-0.0732850102832514,0.5012062149939729
overlay_unhedged,2020s,cost,-0.023000000000000003,0.1573001477424359
overlay_unhedged,2020s,r_net,-0.1462172816115871,1.0
combined_hedged,full,carry_earned,0.7741159260417718,9.248197112772699
combined_hedged,full,yield_change_pnl,-0.5704998682536586,-6.815639695463376
combined_hedged,full,funding,0.0,0.0
combined_hedged,full,fx,0.0,0.0
combined_hedged,full,cost,-0.11991153499278498,-1.4325574173093243
combined_hedged,full,r_net,0.0837045227953283,1.0
combined_hedged,six,carry_earned,0.5313580330924979,-38.449292997393655
combined_hedged,six,yield_change_pnl,-0.45139493651131357,32.663129360165584
combined_hedged,six,funding,0.0,-0.0
combined_hedged,six,fx,0.0,-0.0
combined_hedged,six,cost,-0.0937828053890554,6.786163637228072
combined_hedged,six,r_net,-0.013819708807871103,1.0
combined_hedged,1990s,carry_earned,0.08319654556356472,4.9478097259467875
combined_hedged,1990s,yield_change_pnl,-0.05709838907175905,-3.395717488886547
combined_hedged,1990s,funding,0.0,0.0
combined_hedged,1990s,fx,0.0,0.0
combined_hedged,1990s,cost,-0.009283333333333334,-0.5520922370602406
combined_hedged,1990s,r_net,0.01681482315847234,1.0
combined_hedged,2000s,carry_earned,0.3106372693549785,4.390346062558237
combined_hedged,2000s,yield_change_pnl,-0.20009439547930724,-2.8280046472101406
combined_hedged,2000s,funding,0.0,0.0
combined_hedged,2000s,fx,0.0,0.0
combined_hedged,2000s,cost,-0.03978825341325341,-0.5623414153480965
combined_hedged,2000s,r_net,0.0707546204624178,1.0
combined_hedged,2010s,carry_earned,0.18741998084764172,1.524243445049022
combined_hedged,2010s,yield_change_pnl,-0.027995752855573083,-0.22768299615828635
combined_hedged,2010s,funding,0.0,0.0
combined_hedged,2010s,fx,0.0,0.0
combined_hedged,2010s,cost,-0.036464879564879565,-0.2965604488907357
combined_hedged,2010s,r_net,0.12295934842718907,1.0
combined_hedged,2020s,carry_earned,0.19286213027558702,-1.520703658786535
combined_hedged,2020s,yield_change_pnl,-0.28531133084701926,2.2496587800432413
combined_hedged,2020s,funding,0.0,-0.0
combined_hedged,2020s,fx,0.0,-0.0
combined_hedged,2020s,cost,-0.03437506868131868,0.2710448787432934
combined_hedged,2020s,r_net,-0.12682426925275095,1.0
combined_unhedged,full,carry_earned,0.23996377373255107,0.17970109220349864
combined_unhedged,full,yield_change_pnl,-0.5864634757768398,-0.4391834879710524
combined_unhedged,full,funding,0.0856073738101262,0.06410858745494909
combined_unhedged,full,fx,1.7161450861490057,1.2851654296133872
combined_unhedged,full,cost,-0.11990320165945165,-0.0897916213007822
combined_unhedged,full,r_net,1.3353495562553912,1.0
combined_unhedged,six,carry_earned,0.0961641271791151,0.09110248286922672
combined_unhedged,six,yield_change_pnl,-0.4513949365113137,-0.42763555056431435
combined_unhedged,six,funding,0.15771519750643206,0.14941378350249226
combined_unhedged,six,fx,1.3468583114183,1.2759657872703045
combined_unhedged,six,cost,-0.0937828053890554,-0.08884650307770892
combined_unhedged,six,r_net,1.0555598942034778,1.0
combined_unhedged,1990s,carry_earned,-0.00312707993156173,-0.03986578698290688
combined_unhedged,1990s,yield_change_pnl,-0.07306199659494009,-0.9314357344697288
combined_unhedged,1990s,funding,-0.003054987958960812,-0.03894671766399426
combined_unhedged,1990s,fx,0.1669592551407361,2.1284911949600396
combined_unhedged,1990s,cost,-0.009275000000000002,-0.11824295584340815
combined_unhedged,1990s,r_net,0.07844019065527334,1.0
combined_unhedged,2000s,carry_earned,0.1035047950054387,0.1361336716085398
combined_unhedged,2000s,yield_change_pnl,-0.20009439547930727,-0.2631722010894084
combined_unhedged,2000s,funding,-0.0788214739535471,-0.1036691744602695
combined_unhedged,2000s,fx,0.975516696662342,1.283038815980465
combined_unhedged,2000s,cost,-0.03978825341325341,-0.052331112039327166
combined_unhedged,2000s,r_net,0.7603173688216731,1.0
combined_unhedged,2010s,carry_earned,0.1725396022783286,0.2292350674400885
combined_unhedged,2010s,yield_change_pnl,-0.02799575285557311,-0.03719498717477582
combined_unhedged,2010s,funding,-0.003933151681286454,-0.0052255614305716
combined_unhedged,2010s,fx,0.6485296088647923,0.861632498637605
combined_unhedged,2010s,cost,-0.036464879564879565,-0.04844701747234633
combined_unhedged,2010s,r_net,0.7526754270413819,1.0
combined_unhedged,2020s,carry_earned,-0.0329535436196545,0.12868284209493375
combined_unhedged,2020s,yield_change_pnl,-0.2853113308470194,1.1141342903524536
combined_unhedged,2020s,funding,0.17141698740392056,-0.669379456640033
combined_unhedged,2020s,fx,-0.0748604745188649,0.2923284589010735
combined_unhedged,2020s,cost,-0.03437506868131868,0.1342338652915717
combined_unhedged,2020s,r_net,-0.256083430262937,1.0
carry_hedged_country_scope,full,carry_earned,0.61409971456329,11.09523873801228
carry_hedged_country_scope,full,yield_change_pnl,-0.4904516748262643,-8.861229361627625
carry_hedged_country_scope,full,funding,0.0,0.0
carry_hedged_country_scope,full,fx,0.0,0.0
carry_hedged_country_scope,full,cost,-0.0683,-1.2340093763846527
carry_hedged_country_scope,full,r_net,0.05534803973702565,1.0
carry_hedged_country_scope,six,carry_earned,0.4265620841238102,5.487055712637534
carry_hedged_country_scope,six,yield_change_pnl,-0.29747238063558573,-3.826518076193137
carry_hedged_country_scope,six,funding,0.0,0.0
carry_hedged_country_scope,six,fx,0.0,0.0
carry_hedged_country_scope,six,cost,-0.05135000000000001,-0.6605376364443964
carry_hedged_country_scope,six,r_net,0.0777397034882245,1.0
carry_hedged_country_scope,1990s,carry_earned,0.06214581144688976,-4.650898696688777
carry_hedged_country_scope,1990s,yield_change_pnl,-0.06965791961130424,5.213093529418876
carry_hedged_country_scope,1990s,funding,0.0,-0.0
carry_hedged_country_scope,1990s,fx,0.0,-0.0
carry_hedged_country_scope,1990s,cost,-0.00585,0.43780516726990176
carry_hedged_country_scope,1990s,r_net,-0.013362108164414478,1.0
carry_hedged_country_scope,2000s,carry_earned,0.23576500903250125,-328.8730839680264
carry_hedged_country_scope,2000s,yield_change_pnl,-0.21163189655089548,295.2093475206944
carry_hedged_country_scope,2000s,funding,0.0,-0.0
carry_hedged_country_scope,2000s,fx,0.0,-0.0
carry_hedged_country_scope,2000s,cost,-0.024850000000000004,34.663736447331935
carry_hedged_country_scope,2000s,r_net,-0.000716887518394247,1.0
carry_hedged_country_scope,2010s,carry_earned,0.15633595725092048,1.538101010195569
carry_hedged_country_scope,2010s,yield_change_pnl,-0.03344793253053226,-0.329075279409926
carry_hedged_country_scope,2010s,funding,0.0,0.0
carry_hedged_country_scope,2010s,fx,0.0,0.0
carry_hedged_country_scope,2010s,cost,-0.02124583333333334,-0.20902573078564304
carry_hedged_country_scope,2010s,r_net,0.10164219138705488,1.0
carry_hedged_country_scope,2020s,carry_earned,0.15985293683297852,-4.962041375669011
carry_hedged_country_scope,2020s,yield_change_pnl,-0.1757139261335323,5.45438694483815
carry_hedged_country_scope,2020s,funding,0.0,-0.0
carry_hedged_country_scope,2020s,fx,0.0,-0.0
carry_hedged_country_scope,2020s,cost,-0.016354166666666666,0.5076544308308588
carry_hedged_country_scope,2020s,r_net,-0.03221515596722049,1.0
carry_hedged_interbank_3m,full,carry_earned,0.7444038781099817,3.988415880910831
carry_hedged_interbank_3m,full,yield_change_pnl,-0.5059413013342344,-2.710765459972548
carry_hedged_interbank_3m,full,funding,0.0,0.0
carry_hedged_interbank_3m,full,fx,0.0,0.0
carry_hedged_interbank_3m,full,cost,-0.051821087939837945,-0.27765042093828257
carry_hedged_interbank_3m,full,r_net,0.18664148883590914,1.0
carry_hedged_interbank_3m,six,carry_earned,0.49731645642206596,4.611486893845673
carry_hedged_interbank_3m,six,yield_change_pnl,-0.3502395167292158,-3.247680466324416
carry_hedged_interbank_3m,six,funding,0.0,0.0
carry_hedged_interbank_3m,six,fx,0.0,0.0
carry_hedged_interbank_3m,six,cost,-0.03923396672771673,-0.3638064275212574
carry_hedged_interbank_3m,six,r_net,0.1078429729651334,1.0
carry_hedged_interbank_3m,1990s,carry_earned,0.08418313841224111,16.47191055926544
carry_hedged_interbank_3m,1990s,yield_change_pnl,-0.0746224296022732,-14.60118984997346
carry_hedged_interbank_3m,1990s,funding,0.0,0.0
carry_hedged_interbank_3m,1990s,fx,0.0,0.0
carry_hedged_interbank_3m,1990s,cost,-0.00445,-0.8707207092919764
carry_hedged_interbank_3m,1990s,r_net,0.005110708809967897,1.0
carry_hedged_interbank_3m,2000s,carry_earned,0.3184953784806337,3.4005356139593963
carry_hedged_interbank_3m,2000s,yield_change_pnl,-0.20858837678658926,-2.2270722021290124
carry_hedged_interbank_3m,2000s,funding,0.0,0.0
carry_hedged_interbank_3m,2000s,fx,0.0,0.0
carry_hedged_interbank_3m,2000s,cost,-0.016246645021645023,-0.17346341183038352
carry_hedged_interbank_3m,2000s,r_net,0.09366035667239939,1.0
carry_hedged_interbank_3m,2010s,carry_earned,0.18449878003061523,1.164016987629449
carry_hedged_interbank_3m,2010s,yield_change_pnl,-0.008493064212918905,-0.053583395072991126
carry_hedged_interbank_3m,2010s,funding,0.0,0.0
carry_hedged_interbank_3m,2010s,fx,0.0,0.0
carry_hedged_interbank_3m,2010s,cost,-0.017503922466422468,-0.11043359255645793
carry_hedged_interbank_3m,2010s,r_net,0.15850179335127385,1.0
carry_hedged_interbank_3m,2020s,carry_earned,0.1572265811864916,-2.226016303967207
carry_hedged_interbank_3m,2020s,yield_change_pnl,-0.21423743073245313,3.033176770312291
carry_hedged_interbank_3m,2020s,funding,0.0,-0.0
carry_hedged_interbank_3m,2020s,fx,0.0,-0.0
carry_hedged_interbank_3m,2020s,cost,-0.013620520451770455,0.19283953365491593
carry_hedged_interbank_3m,2020s,r_net,-0.07063136999773198,1.0
carry_hedged_cost0,full,carry_earned,0.7568305886064814,3.400379285855427
carry_hedged_cost0,full,yield_change_pnl,-0.5342581856528836,-2.4003792858554274
carry_hedged_cost0,full,funding,0.0,0.0
carry_hedged_cost0,full,fx,0.0,0.0
carry_hedged_cost0,full,cost,0.0,0.0
carry_hedged_cost0,full,r_net,0.22257240295359787,1.0
carry_hedged_cost0,six,carry_earned,0.5043355765265645,3.52821318773548
carry_hedged_cost0,six,yield_change_pnl,-0.36139195331249685,-2.528213187735479
carry_hedged_cost0,six,funding,0.0,0.0
carry_hedged_cost0,six,fx,0.0,0.0
carry_hedged_cost0,six,cost,0.0,0.0
carry_hedged_cost0,six,r_net,0.1429436232140675,1.0
carry_hedged_cost0,1990s,carry_earned,0.08853238816716845,-41.775355754653724
carry_hedged_cost0,1990s,yield_change_pnl,-0.09065163734094255,42.77535575465373
carry_hedged_cost0,1990s,funding,0.0,-0.0
carry_hedged_cost0,1990s,fx,0.0,-0.0
carry_hedged_cost0,1990s,cost,0.0,-0.0
carry_hedged_cost0,1990s,r_net,-0.002119249173774087,1.0
carry_hedged_cost0,2000s,carry_earned,0.3065244183332638,3.057474334285554
carry_hedged_cost0,2000s,yield_change_pnl,-0.20627029194665916,-2.0574743342855535
carry_hedged_cost0,2000s,funding,0.0,0.0
carry_hedged_cost0,2000s,fx,0.0,0.0
carry_hedged_cost0,2000s,cost,0.0,0.0
carry_hedged_cost0,2000s,r_net,0.10025412638660465,1.0
carry_hedged_cost0,2010s,carry_earned,0.18941355512021613,1.035231102771267
carry_hedged_cost0,2010s,yield_change_pnl,-0.006446143676370798,-0.03523110277126694
carry_hedged_cost0,2010s,funding,0.0,0.0
carry_hedged_cost0,2010s,fx,0.0,0.0
carry_hedged_cost0,2010s,cost,0.0,0.0
carry_hedged_cost0,2010s,r_net,0.18296741144384532,1.0
carry_hedged_cost0,2020s,carry_earned,0.1723602269858331,-2.944824253719136
carry_hedged_cost0,2020s,yield_change_pnl,-0.23089011268891105,3.9448242537191347
carry_hedged_cost0,2020s,funding,0.0,-0.0
carry_hedged_cost0,2020s,fx,0.0,-0.0
carry_hedged_cost0,2020s,cost,0.0,-0.0
carry_hedged_cost0,2020s,r_net,-0.05852988570307803,1.0
carry_hedged_cost2x,full,carry_earned,0.7568305886064814,6.304719802763571
carry_hedged_cost2x,full,yield_change_pnl,-0.5342581856528836,-4.4505972850228765
carry_hedged_cost2x,full,funding,0.0,0.0
carry_hedged_cost2x,full,fx,0.0,0.0
carry_hedged_cost2x,full,cost,-0.1025304958929959,-0.8541225177406951
carry_hedged_cost2x,full,r_net,0.12004190706060199,1.0
carry_hedged_cost2x,six,carry_earned,0.5043355765265645,7.69909984462515
carry_hedged_cost2x,six,yield_change_pnl,-0.36139195331249685,-5.516947169897837
carry_hedged_cost2x,six,funding,0.0,0.0
carry_hedged_cost2x,six,fx,0.0,0.0
carry_hedged_cost2x,six,cost,-0.07743783855033856,-1.182152674727312
carry_hedged_cost2x,six,r_net,0.065505784663729,1.0
carry_hedged_cost2x,1990s,carry_earned,0.08853238816716845,-8.33697248444016
carry_hedged_cost2x,1990s,yield_change_pnl,-0.09065163734094255,8.536539246561905
carry_hedged_cost2x,1990s,funding,0.0,-0.0
carry_hedged_cost2x,1990s,fx,0.0,-0.0
carry_hedged_cost2x,1990s,cost,-0.0085,0.8004332378782575
carry_hedged_cost2x,1990s,r_net,-0.010619249173774084,1.0
carry_hedged_cost2x,2000s,carry_earned,0.3065244183332638,4.636979695807735
carry_hedged_cost2x,2000s,yield_change_pnl,-0.20627029194665916,-3.120375077476158
carry_hedged_cost2x,2000s,funding,0.0,0.0
carry_hedged_cost2x,2000s,fx,0.0,0.0
carry_hedged_cost2x,2000s,cost,-0.0341498001998002,-0.5166046183315772
carry_hedged_cost2x,2000s,r_net,0.06610432618680445,1.0
carry_hedged_cost2x,2010s,carry_earned,0.18941355512021613,1.276674630132236
carry_hedged_cost2x,2010s,yield_change_pnl,-0.006446143676370798,-0.043447936387587455
carry_hedged_cost2x,2010s,funding,0.0,0.0
carry_hedged_cost2x,2010s,fx,0.0,0.0
carry_hedged_cost2x,2010s,cost,-0.03460262792762793,-0.23322669374464863
carry_hedged_cost2x,2010s,r_net,0.1483647835162174,1.0
carry_hedged_cost2x,2020s,carry_earned,0.1723602269858331,-2.056609424907583
carry_hedged_cost2x,2020s,yield_change_pnl,-0.23089011268891105,2.7549904649001076
carry_hedged_cost2x,2020s,funding,0.0,-0.0
carry_hedged_cost2x,2020s,fx,0.0,-0.0
carry_hedged_cost2x,2020s,cost,-0.02527806776556777,0.3016189600074746
carry_hedged_cost2x,2020s,r_net,-0.0838079534686458,1.0
carry_hedged_no_gb30,full,carry_earned,0.7603986145841739,4.188374231859701
carry_hedged_no_gb30,full,yield_change_pnl,-0.5271512440874604,-2.9036174510077224
carry_hedged_no_gb30,full,funding,0.0,0.0
carry_hedged_no_gb30,full,fx,0.0,0.0
carry_hedged_no_gb30,full,cost,-0.051697544122544126,-0.2847567808519786
carry_hedged_no_gb30,full,r_net,0.18154982637416942,1.0
carry_hedged_no_gb30,six,carry_earned,0.5079036025042569,4.437103595209082
carry_hedged_no_gb30,six,yield_change_pnl,-0.3542850117470737,-3.0950741274540516
carry_hedged_no_gb30,six,funding,0.0,0.0
carry_hedged_no_gb30,six,fx,0.0,0.0
carry_hedged_no_gb30,six,cost,-0.03915121545121546,-0.34202946775503024
carry_hedged_no_gb30,six,r_net,0.11446737530596779,1.0
carry_hedged_no_gb30,1990s,carry_earned,0.08853238816716845,-13.899972469550718
carry_hedged_no_gb30,1990s,yield_change_pnl,-0.09065163734094255,14.232703866290585
carry_hedged_no_gb30,1990s,funding,0.0,-0.0
carry_hedged_no_gb30,1990s,fx,0.0,-0.0
carry_hedged_no_gb30,1990s,cost,-0.00425,0.6672686032601346
carry_hedged_no_gb30,1990s,r_net,-0.006369249173774086,1.0
carry_hedged_no_gb30,2000s,carry_earned,0.3065244183332638,3.6851078330150195
carry_hedged_no_gb30,2000s,yield_change_pnl,-0.20627029194665916,-2.4798294136047954
carry_hedged_no_gb30,2000s,funding,0.0,0.0
carry_hedged_no_gb30,2000s,fx,0.0,0.0
carry_hedged_no_gb30,2000s,cost,-0.0170749000999001,-0.20527841941022434
carry_hedged_no_gb30,2000s,r_net,0.08317922628670457,1.0
carry_hedged_no_gb30,2010s,carry_earned,0.19000863202438373,1.1417859375363353
carry_hedged_no_gb30,2010s,yield_change_pnl,-0.006529643445650882,-0.03923745455108441
carry_hedged_no_gb30,2010s,funding,0.0,0.0
carry_hedged_no_gb30,2010s,fx,0.0,0.0
carry_hedged_no_gb30,2010s,cost,-0.01706545537795538,-0.1025484829852507
carry_hedged_no_gb30,2010s,r_net,0.16641353320077745,1.0
carry_hedged_no_gb30,2020s,carry_earned,0.17533317605935803,-2.842917187033048
carry_hedged_no_gb30,2020s,yield_change_pnl,-0.22369967135420787,3.6271494917266627
carry_hedged_no_gb30,2020s,funding,0.0,-0.0
carry_hedged_no_gb30,2020s,fx,0.0,-0.0
carry_hedged_no_gb30,2020s,cost,-0.013307188644688646,0.21576769530638523
carry_hedged_no_gb30,2020s,r_net,-0.06167368393953849,1.0
