rank,sign,date,r_net,country,tenor_years,leg,wd,r_bucket,contribution
1,gain,2023-05-31,0.016076131536388046,GB,3.0,short,-0.4166666666666667,-0.021286645229241254,0.0031869767202656885
1,gain,2023-05-31,0.016076131536388046,GB,5.0,short,-0.4166666666666667,-0.026476474998643664,0.002467716964564424
1,gain,2023-05-31,0.016076131536388046,US,2.0,short,-0.4166666666666667,-0.009912481972566665,0.002179916608568073
1,gain,2023-05-31,0.016076131536388046,FR,2.0,short,-0.4166666666666667,-0.009711589178197654,0.002109534059791568
1,gain,2023-05-31,0.016076131536388046,DE,1.0,short,-0.4166666666666667,-0.004841341722831193,0.00207705962180209
1,gain,2023-05-31,0.016076131536388046,US,20.0,long,0.4166666666666667,-0.007526412998708041,-0.00022947914484602037
1,gain,2023-05-31,0.016076131536388046,FR,20.0,long,0.4166666666666667,-0.009020157444490206,-0.0002584984838535362
1,gain,2023-05-31,0.016076131536388046,DE,30.0,long,0.4166666666666667,-0.018471989849040592,-0.0003614674468214171
1,gain,2023-05-31,0.016076131536388046,CA,1.0,long,0.4166666666666667,-0.0025709724963681423,-0.0011115363720506741
1,gain,2023-05-31,0.016076131536388046,GB,1.0,long,0.4166666666666667,-0.0063070420065947895,-0.0027198640151192602
2,gain,2002-06-30,0.014802077686416663,US,3.0,long,0.5,0.022003517412549252,0.0038865402005755197
2,gain,2002-06-30,0.014802077686416663,US,2.0,long,0.5,0.014152760954869286,0.0036673727841222453
2,gain,2002-06-30,0.014802077686416663,CA,2.0,long,0.5,0.011896318118642328,0.0031232049805884564
2,gain,2002-06-30,0.014802077686416663,GB,2.0,long,0.5,0.011277378558385363,0.002989028257702557
2,gain,2002-06-30,0.014802077686416663,GB,1.0,long,0.5,0.005174732958773097,0.0026731501406663544
2,gain,2002-06-30,0.014802077686416663,CA,30.0,short,-0.5,0.014344972158903395,-0.0005058986314221336
2,gain,2002-06-30,0.014802077686416663,GB,10.0,short,-0.5,0.008173329287584373,-0.0005250706986263341
2,gain,2002-06-30,0.014802077686416663,CA,20.0,short,-0.5,0.012972009199044503,-0.0005552592235219354
2,gain,2002-06-30,0.014802077686416663,US,20.0,short,-0.5,0.034775805406130685,-0.0014622209592561593
2,gain,2002-06-30,0.014802077686416663,US,10.0,short,-0.5,0.03212819285021396,-0.0020473284599757694
3,gain,1998-10-31,0.012729472979244028,US,2.0,short,-0.5,-0.008378464217599815,0.002203588451307744
3,gain,1998-10-31,0.012729472979244028,GB,20.0,long,0.5,0.054561422535374604,0.002179203210787212
3,gain,1998-10-31,0.012729472979244028,US,1.0,short,-0.5,-0.0038977227674523865,0.002010168807666855
3,gain,1998-10-31,0.012729472979244028,GB,10.0,long,0.5,0.028193875522568412,0.001814305498315162
3,gain,1998-10-31,0.012729472979244028,CA,2.0,short,-0.5,-0.004637184626719008,0.001227510814570988
3,gain,1998-10-31,0.012729472979244028,JP,1.0,short,-0.5,0.00013802423343437433,-6.912497201517824e-05
3,gain,1998-10-31,0.012729472979244028,DE,1.0,short,-0.5,0.0005263173943159971,-0.0002719912789158201
3,gain,1998-10-31,0.012729472979244028,DE,2.0,short,-0.5,0.0014241850626539898,-0.0003742026450942594
3,gain,1998-10-31,0.012729472979244028,JP,5.0,long,0.5,-0.004117533386230854,-0.00041903492617075433
3,gain,1998-10-31,0.012729472979244028,US,7.0,long,0.5,-0.013523348951579486,-0.0011356135792568573
4,gain,2019-07-31,0.01217121207862933,US,30.0,long,0.8333333333333334,0.1324523075710837,0.005272599362235008
4,gain,2019-07-31,0.01217121207862933,US,20.0,long,0.8333333333333334,0.09030264226895121,0.0047197696706058195
4,gain,2019-07-31,0.01217121207862933,CA,10.0,long,0.8333333333333334,0.03156319019301446,0.0028443329924476173
4,gain,2019-07-31,0.01217121207862933,GB,20.0,long,0.8333333333333334,0.05568732626215277,0.0026348118216941627
4,gain,2019-07-31,0.01217121207862933,CA,20.0,long,0.8333333333333334,0.04621501275647733,0.0022852205957289286
4,gain,2019-07-31,0.01217121207862933,GB,1.0,short,-0.8333333333333334,-0.00010637061639363844,8.896613518271003e-05
4,gain,2019-07-31,0.01217121207862933,US,1.0,short,-0.8333333333333334,0.001656138880076406,-0.001400851800635109
4,gain,2019-07-31,0.01217121207862933,CA,2.0,short,-0.8333333333333334,0.003832304093274847,-0.00162850007470557
4,gain,2019-07-31,0.01217121207862933,CA,3.0,short,-0.8333333333333334,0.0064582298484599015,-0.0018419235847554826
4,gain,2019-07-31,0.01217121207862933,US,2.0,short,-0.8333333333333334,0.0065105910232534404,-0.00277713627943032
5,gain,2019-12-31,0.009721305330953113,US,20.0,long,0.8333333333333334,0.07216702046477873,0.003750699139918053
5,gain,2019-12-31,0.009721305330953113,CA,10.0,long,0.8333333333333334,0.040159963542196093,0.0036589219117626423
5,gain,2019-12-31,0.009721305330953113,US,7.0,long,0.8333333333333334,0.02742337012950601,0.0034931462350304594
5,gain,2019-12-31,0.009721305330953113,GB,20.0,long,0.8333333333333334,0.05621323993955217,0.002668638832616238
5,gain,2019-12-31,0.009721305330953113,GB,10.0,long,0.8333333333333334,0.028489469589551772,0.0024772105862150067
5,gain,2019-12-31,0.009721305330953113,GB,2.0,short,-0.8333333333333334,0.0009595924787312171,-0.00040248360159999695
5,gain,2019-12-31,0.009721305330953113,US,1.0,short,-0.8333333333333334,0.001100702517846764,-0.0009282047652509706
5,gain,2019-12-31,0.009721305330953113,US,2.0,short,-0.8333333333333334,0.00448163232209008,-0.0019043720016256658
5,gain,2019-12-31,0.009721305330953113,CA,2.0,short,-0.8333333333333334,0.00460849549068732,-0.0019612862506623923
5,gain,2019-12-31,0.009721305330953113,CA,3.0,short,-0.8333333333333334,0.008805943929869114,-0.002518839451942995
6,gain,2022-04-30,0.009522902602613596,DE,20.0,short,-0.4166666666666667,-0.06882273618260526,0.0015740565625574064
6,gain,2022-04-30,0.009522902602613596,GB,30.0,short,-0.4166666666666667,-0.07701397908605313,0.0014317838761458306
6,gain,2022-04-30,0.009522902602613596,GB,20.0,short,-0.4166666666666667,-0.05152398420992822,0.0013238319729906708
6,gain,2022-04-30,0.009522902602613596,US,2.0,long,0.4166666666666667,0.005806817635131516,0.0012508565998401316
6,gain,2022-04-30,0.009522902602613596,FR,30.0,short,-0.4166666666666667,-0.06589583284725475,0.0011991290615777947
6,gain,2022-04-30,0.009522902602613596,DE,3.0,long,0.4166666666666667,-0.001971780728218797,-0.00027631324673437944
6,gain,2022-04-30,0.009522902602613596,FR,3.0,long,0.4166666666666667,-0.0023423333907824917,-0.0003292357554392428
6,gain,2022-04-30,0.009522902602613596,FR,2.0,long,0.4166666666666667,-0.001755306515899946,-0.00036744509866306165
6,gain,2022-04-30,0.009522902602613596,DE,2.0,long,0.4166666666666667,-0.0018726509352718912,-0.0003913654977949765
6,gain,2022-04-30,0.009522902602613596,CA,1.0,long,0.4166666666666667,-0.0018081970825797131,-0.0007657885490403747
7,gain,2023-10-31,0.00944122742266247,CA,30.0,long,0.4166666666666667,0.09172511892324418,0.0021732516631533835
7,gain,2023-10-31,0.00944122742266247,US,20.0,long,0.4166666666666667,0.06397301028223304,0.002161427430133581
7,gain,2023-10-31,0.00944122742266247,US,7.0,long,0.4166666666666667,0.029809699856459572,0.002116762117613031
7,gain,2023-10-31,0.00944122742266247,FR,30.0,long,0.4166666666666667,0.0762747271008756,0.0018200958008549616
7,gain,2023-10-31,0.00944122742266247,FR,20.0,long,0.4166666666666667,0.05958807389773804,0.001801124920543736
7,gain,2023-10-31,0.00944122742266247,JP,30.0,short,-0.4166666666666667,0.046556505484814166,-0.0008471071774280764
7,gain,2023-10-31,0.00944122742266247,US,2.0,short,-0.4166666666666667,0.005195246111148555,-0.0011517948564598018
7,gain,2023-10-31,0.00944122742266247,US,3.0,short,-0.4166666666666667,0.010310976589992617,-0.0015573570184956313
7,gain,2023-10-31,0.00944122742266247,CA,2.0,short,-0.4166666666666667,0.007730423678173211,-0.0017050758032790489
7,gain,2023-10-31,0.00944122742266247,CA,3.0,short,-0.4166666666666667,0.01231548011075699,-0.0018432693989290999
8,gain,2009-03-31,0.009009672174041227,US,20.0,short,-0.4166666666666667,-0.06627875295664253,0.0019506500450984145
8,gain,2009-03-31,0.009009672174041227,US,30.0,short,-0.4166666666666667,-0.08410003715229052,0.0019102105542120212
8,gain,2009-03-31,0.009009672174041227,GB,20.0,short,-0.4166666666666667,-0.03806410922416242,0.0011621674046920648
8,gain,2009-03-31,0.009009672174041227,CA,30.0,short,-0.4166666666666667,-0.046792135307228415,0.0010651372253202647
8,gain,2009-03-31,0.009009672174041227,CA,20.0,short,-0.4166666666666667,-0.03323240803081522,0.000991106944239244
8,gain,2009-03-31,0.009009672174041227,FR,30.0,short,-0.4166666666666667,0.007163877883155507,-0.00017577750469832624
8,gain,2009-03-31,0.009009672174041227,GB,1.0,short,-0.4166666666666667,0.0004913205424770901,-0.00020577900633517081
8,gain,2009-03-31,0.009009672174041227,DE,5.0,long,0.4166666666666667,-0.006529113146092751,-0.0005815596702432993
8,gain,2009-03-31,0.009009672174041227,DE,7.0,long,0.4166666666666667,-0.009181329933483777,-0.0006084603160750646
8,gain,2009-03-31,0.009009672174041227,US,3.0,long,0.4166666666666667,-0.004624013970370361,-0.0006552106763462658
9,gain,2024-01-31,0.008100878496026646,DE,2.0,short,-0.4166666666666667,-0.010355880738912328,0.0022398649804462223
9,gain,2024-01-31,0.008100878496026646,FR,2.0,short,-0.4166666666666667,-0.00987473372774136,0.002138434052926471
9,gain,2024-01-31,0.008100878496026646,US,2.0,short,-0.4166666666666667,-0.008215025808752406,0.0018037778543430044
9,gain,2024-01-31,0.008100878496026646,DE,1.0,short,-0.4166666666666667,-0.0041616426088119905,0.0017881254900733827
9,gain,2024-01-31,0.008100878496026646,GB,2.0,short,-0.4166666666666667,-0.007558911105105741,0.0016551463680576058
9,gain,2024-01-31,0.008100878496026646,US,30.0,long,0.4166666666666667,-0.02761345908600773,-0.0006797334587593456
9,gain,2024-01-31,0.008100878496026646,US,20.0,long,0.4166666666666667,-0.02306256384528379,-0.0007236719156753747
9,gain,2024-01-31,0.008100878496026646,FR,20.0,long,0.4166666666666667,-0.027221282156973916,-0.000772985974066555
9,gain,2024-01-31,0.008100878496026646,DE,30.0,long,0.4166666666666667,-0.0410271224635049,-0.0008048950915339338
9,gain,2024-01-31,0.008100878496026646,DE,20.0,long,0.4166666666666667,-0.03477863762616237,-0.0009240627058409077
10,gain,2023-11-30,0.008065854438774849,GB,10.0,long,0.4166666666666667,0.05089545338400405,0.002619613082548415
10,gain,2023-11-30,0.008065854438774849,GB,20.0,long,0.4166666666666667,0.07311667404396106,0.0023505069774561863
10,gain,2023-11-30,0.008065854438774849,US,20.0,long,0.4166666666666667,0.07046848847553547,0.0022845140721875355
10,gain,2023-11-30,0.008065854438774849,US,30.0,long,0.4166666666666667,0.0866994772477884,0.0022165396806355223
10,gain,2023-11-30,0.008065854438774849,FR,20.0,long,0.4166666666666667,0.07108434371615782,0.0020708100473740315
10,gain,2023-11-30,0.008065854438774849,CA,2.0,short,-0.4166666666666667,0.005325526253906684,-0.0011678547791666013
10,gain,2023-11-30,0.008065854438774849,FR,2.0,short,-0.4166666666666667,0.007196670450586726,-0.0015643828607385022
10,gain,2023-11-30,0.008065854438774849,CA,3.0,short,-0.4166666666666667,0.010956503918993152,-0.001626280166828549
10,gain,2023-11-30,0.008065854438774849,US,2.0,short,-0.4166666666666667,0.007647648846820155,-0.0016885624785937573
10,gain,2023-11-30,0.008065854438774849,GB,2.0,short,-0.4166666666666667,0.010602500346418093,-0.0023325845959583725
1,loss,2020-02-29,-0.020571558361137936,US,20.0,long,0.8333333333333334,0.0572447043280294,0.0027589923224121604
1,loss,2020-02-29,-0.020571558361137936,US,30.0,long,0.8333333333333334,0.0769373697270924,0.0027181811265569963
1,loss,2020-02-29,-0.020571558361137936,GB,20.0,long,0.8333333333333334,0.014925995458220917,0.000682139092040216
1,loss,2020-02-29,-0.020571558361137936,GB,10.0,long,0.8333333333333334,0.007283874536785682,0.0006208318849870745
1,loss,2020-02-29,-0.020571558361137936,CA,20.0,long,0.8333333333333334,0.0025741417386702164,0.00012243036945178062
1,loss,2020-02-29,-0.020571558361137936,GB,1.0,short,-0.8333333333333334,0.0026094470342184904,-0.00218155443337635
1,loss,2020-02-29,-0.020571558361137936,US,2.0,short,-0.8333333333333334,0.011504216559928494,-0.004845063419890157
1,loss,2020-02-29,-0.020571558361137936,CA,2.0,short,-0.8333333333333334,0.013045732192074283,-0.005514540745186551
1,loss,2020-02-29,-0.020571558361137936,US,1.0,short,-0.8333333333333334,0.00680962970868958,-0.005716008094020909
1,loss,2020-02-29,-0.020571558361137936,CA,1.0,short,-0.8333333333333334,0.00877190842418663,-0.007384296730882137
2,loss,2021-09-30,-0.020024219783374562,CA,20.0,short,-0.8333333333333334,-0.014764736608549567,0.000741963975690162
2,loss,2021-09-30,-0.020024219783374562,CA,30.0,short,-0.8333333333333334,-0.004029791602301403,0.00014935924047285458
2,loss,2021-09-30,-0.020024219783374562,US,20.0,short,-0.8333333333333334,0.008934155454641284,-0.0004543533035136376
2,loss,2021-09-30,-0.020024219783374562,US,30.0,short,-0.8333333333333334,0.035946862392187376,-0.0013472744427030026
2,loss,2021-09-30,-0.020024219783374562,US,5.0,long,0.8333333333333334,-0.008045442374188456,-0.0013773094586355286
2,loss,2021-09-30,-0.020024219783374562,GB,3.0,long,0.8333333333333334,-0.0074002239125093945,-0.002071322315684465
2,loss,2021-09-30,-0.020024219783374562,GB,2.0,long,0.8333333333333334,-0.005704985405286865,-0.0023869418323018902
2,loss,2021-09-30,-0.020024219783374562,GB,30.0,short,-0.8333333333333334,0.07084619691023818,-0.00241372107421672
2,loss,2021-09-30,-0.020024219783374562,CA,3.0,long,0.8333333333333334,-0.012352988400377319,-0.0034795459951648955
2,loss,2021-09-30,-0.020024219783374562,CA,2.0,long,0.8333333333333334,-0.008796289768627641,-0.003690789233974154
3,loss,2008-09-30,-0.01479927095244539,DE,1.0,long,0.4166666666666667,0.0068412737221658065,0.0029429302866274825
3,loss,2008-09-30,-0.01479927095244539,CA,1.0,long,0.4166666666666667,0.006494155398247549,0.0027595142905980485
3,loss,2008-09-30,-0.01479927095244539,FR,5.0,long,0.4166666666666667,0.027080976002030854,0.002536058194960433
3,loss,2008-09-30,-0.01479927095244539,JP,3.0,long,0.4166666666666667,0.007493428240242637,0.0010570052938948238
3,loss,2008-09-30,-0.01479927095244539,US,5.0,long,0.4166666666666667,0.011107004805977188,0.0010031174786855781
3,loss,2008-09-30,-0.01479927095244539,DE,3.0,short,-0.4166666666666667,0.02216398254105545,-0.003297847516689354
3,loss,2008-09-30,-0.01479927095244539,FR,2.0,short,-0.4166666666666667,0.01611387172568024,-0.003540934517793473
3,loss,2008-09-30,-0.01479927095244539,GB,2.0,short,-0.4166666666666667,0.0168686472648487,-0.003692324312033098
3,loss,2008-09-30,-0.01479927095244539,DE,2.0,short,-0.4166666666666667,0.017493763632434045,-0.003835141668219023
3,loss,2008-09-30,-0.01479927095244539,GB,1.0,short,-0.4166666666666667,0.009789962232160429,-0.004205171207250898
4,loss,2022-10-31,-0.01309756868346231,CA,10.0,long,0.4166666666666667,0.0281160451714491,0.0013857938182320235
4,loss,2022-10-31,-0.01309756868346231,US,2.0,long,0.4166666666666667,0.002946712148924021,0.0006488927067719132
4,loss,2022-10-31,-0.01309756868346231,GB,2.0,long,0.4166666666666667,0.0018142093205547206,0.00039396271482413037
4,loss,2022-10-31,-0.01309756868346231,US,1.0,long,0.4166666666666667,0.0006001915309975145,0.0002588536443443311
4,loss,2022-10-31,-0.01309756868346231,DE,1.0,long,0.4166666666666667,0.0004218924590355074,0.00017918008789524008
4,loss,2022-10-31,-0.01309756868346231,FR,20.0,short,-0.4166666666666667,0.05416825963921628,-0.001519872383763367
4,loss,2022-10-31,-0.01309756868346231,FR,30.0,short,-0.4166666666666667,0.07745818107467012,-0.0016317437574942767
4,loss,2022-10-31,-0.01309756868346231,DE,30.0,short,-0.4166666666666667,0.08954779945092478,-0.00170523719940722
4,loss,2022-10-31,-0.01309756868346231,US,10.0,short,-0.4166666666666667,0.03500166360911402,-0.0017924411651440019
4,loss,2022-10-31,-0.01309756868346231,US,30.0,short,-0.4166666666666667,0.07459253561712072,-0.0018361713421969489
5,loss,2008-08-31,-0.012790810861754745,FR,1.0,long,0.4166666666666667,0.006752668662032167,0.002935722700818485
5,loss,2008-08-31,-0.012790810861754745,US,1.0,long,0.4166666666666667,0.0039485316978622835,0.0016720456799896798
5,loss,2008-08-31,-0.012790810861754745,US,5.0,long,0.4166666666666667,0.007780172557516878,0.0007048940562779658
5,loss,2008-08-31,-0.012790810861754745,CA,2.0,short,-0.4166666666666667,-0.002666099113533713,0.0005745737137850938
5,loss,2008-08-31,-0.012790810861754745,JP,7.0,short,-0.4166666666666667,-0.007359861790262314,0.00045514605403829215
5,loss,2008-08-31,-0.012790810861754745,GB,2.0,short,-0.4166666666666667,0.009104719070969422,-0.0020055735448798726
5,loss,2008-08-31,-0.012790810861754745,FR,2.0,short,-0.4166666666666667,0.010352316673958637,-0.0022935383531635704
5,loss,2008-08-31,-0.012790810861754745,GB,1.0,short,-0.4166666666666667,0.005993416367854095,-0.002588106272084663
5,loss,2008-08-31,-0.012790810861754745,DE,2.0,short,-0.4166666666666667,0.012521614537065571,-0.002771737788545925
5,loss,2008-08-31,-0.012790810861754745,DE,1.0,short,-0.4166666666666667,0.010404674049018568,-0.004520799924338317
6,loss,1998-09-30,-0.012176871444101338,JP,2.0,long,0.5,0.0013967489680702153,0.0003508430825169047
6,loss,1998-09-30,-0.012176871444101338,JP,3.0,long,0.5,0.0015324623409145636,0.0002576678345356611
6,loss,1998-09-30,-0.012176871444101338,JP,7.0,short,-0.5,-0.0015481837616638469,0.00011362306589609779
6,loss,1998-09-30,-0.012176871444101338,JP,1.0,short,-0.5,0.0004625397250590849,-0.00023173308340425477
6,loss,1998-09-30,-0.012176871444101338,DE,1.0,short,-0.5,0.0008517915942607723,-0.00044059725548055553
6,loss,1998-09-30,-0.012176871444101338,GB,2.0,short,-0.5,0.0035231944817227584,-0.0009450036373748671
6,loss,1998-09-30,-0.012176871444101338,GB,10.0,long,0.5,-0.01493489578207232,-0.0009535958920107643
6,loss,1998-09-30,-0.012176871444101338,US,20.0,long,0.5,-0.025763238078731692,-0.0010410559484105915
6,loss,1998-09-30,-0.012176871444101338,DE,20.0,long,0.5,-0.02817877235349905,-0.0010995039833104864
6,loss,1998-09-30,-0.012176871444101338,GB,20.0,long,0.5,-0.03355020205925054,-0.0013120354726622358
7,loss,2000-12-31,-0.010675776718452773,JP,7.0,long,0.5,0.014790231982077883,0.0011072040950070505
7,loss,2000-12-31,-0.010675776718452773,JP,5.0,long,0.5,0.008887585802601438,0.0009133326718524168
7,loss,2000-12-31,-0.010675776718452773,GB,10.0,long,0.5,0.007495458227176792,0.0004782326692379331
7,loss,2000-12-31,-0.010675776718452773,DE,30.0,long,0.5,0.003923828888616484,0.00013452328475606405
7,loss,2000-12-31,-0.010675776718452773,DE,20.0,long,0.5,0.0032391750241757633,0.0001330051202172687
7,loss,2000-12-31,-0.010675776718452773,JP,20.0,short,-0.5,0.047986546713035406,-0.0014917496747746213
7,loss,2000-12-31,-0.010675776718452773,CA,2.0,short,-0.5,0.006556462843840232,-0.0017485969856947906
7,loss,2000-12-31,-0.010675776718452773,CA,1.0,short,-0.5,0.0036213397659377857,-0.0018836123804689725
7,loss,2000-12-31,-0.010675776718452773,US,2.0,short,-0.5,0.0077098416076161885,-0.00205212971189534
7,loss,2000-12-31,-0.010675776718452773,US,1.0,short,-0.5,0.005015799200738649,-0.002608402594049354
8,loss,2024-11-30,-0.009781820889618245,GB,2.0,short,-0.4166666666666667,-0.003014697755298771,0.0006607048998306506
8,loss,2024-11-30,-0.009781820889618245,GB,1.0,short,-0.4166666666666667,-0.0014469330360898291,0.0006222520323330678
8,loss,2024-11-30,-0.009781820889618245,US,2.0,short,-0.4166666666666667,-0.002499103674058653,0.0005477996396523877
8,loss,2024-11-30,-0.009781820889618245,DE,2.0,short,-0.4166666666666667,-0.0025266633619016807,0.0005418874365495332
8,loss,2024-11-30,-0.009781820889618245,FR,2.0,short,-0.4166666666666667,-0.0022438054712708086,0.0004831534674447195
8,loss,2024-11-30,-0.009781820889618245,FR,30.0,long,0.4166666666666667,-0.05449233564270486,-0.0012237055334663658
8,loss,2024-11-30,-0.009781820889618245,GB,10.0,long,0.4166666666666667,-0.026088049049714006,-0.0013453851912104608
8,loss,2024-11-30,-0.009781820889618245,GB,20.0,long,0.4166666666666667,-0.04547653066884543,-0.0014664234096290587
8,loss,2024-11-30,-0.009781820889618245,US,10.0,long,0.4166666666666667,-0.031962668006813195,-0.0016431252550382026
8,loss,2024-11-30,-0.009781820889618245,US,20.0,long,0.4166666666666667,-0.05260686661500364,-0.001666477127173306
9,loss,2022-02-28,-0.009261840727356668,FR,30.0,short,-1.25,-0.060716408041520564,0.0030274742765081927
9,loss,2022-02-28,-0.009261840727356668,US,20.0,short,-0.625,-0.05120055874263239,0.001995765071107233
9,loss,2022-02-28,-0.009261840727356668,US,30.0,short,-0.625,-0.055315778735464324,0.0015739629505102833
9,loss,2022-02-28,-0.009261840727356668,CA,20.0,short,-0.625,-0.03985426271644762,0.0015444415733317312
9,loss,2022-02-28,-0.009261840727356668,CA,30.0,short,-0.625,-0.050617527157195995,0.0014337728038199538
9,loss,2022-02-28,-0.009261840727356668,CA,1.0,long,0.625,-0.003603748493240267,-0.002274096099830605
9,loss,2022-02-28,-0.009261840727356668,US,1.0,long,0.625,-0.004030753961270933,-0.002538320347736133
9,loss,2022-02-28,-0.009261840727356668,US,2.0,long,0.625,-0.013629284354473288,-0.0043360910854334245
9,loss,2022-02-28,-0.009261840727356668,CA,2.0,long,0.625,-0.01367794027521293,-0.004351877012178856
9,loss,2022-02-28,-0.009261840727356668,FR,10.0,long,1.25,-0.0339379523096075,-0.0043953780611253115
10,loss,2007-12-31,-0.00901191022153848,DE,7.0,long,0.4166666666666667,0.029739247586673866,0.0020865178904671015
10,loss,2007-12-31,-0.00901191022153848,DE,10.0,long,0.4166666666666667,0.03183916574559705,0.0016702389000045595
10,loss,2007-12-31,-0.00901191022153848,US,10.0,long,0.4166666666666667,0.032282514644500604,0.0016484209946645938
10,loss,2007-12-31,-0.00901191022153848,FR,10.0,long,0.4166666666666667,0.03008485566594151,0.0015818676866805083
10,loss,2007-12-31,-0.00901191022153848,FR,1.0,long,0.4166666666666667,0.0033976469039754477,0.0014738709132203493
10,loss,2007-12-31,-0.00901191022153848,CA,2.0,short,-0.4166666666666667,0.010215102225551108,-0.002229887532686541
10,loss,2007-12-31,-0.00901191022153848,DE,2.0,short,-0.4166666666666667,0.010920968081952274,-0.0024153843379474743
10,loss,2007-12-31,-0.00901191022153848,FR,2.0,short,-0.4166666666666667,0.010988866179460675,-0.002431780671021927
10,loss,2007-12-31,-0.00901191022153848,US,2.0,short,-0.4166666666666667,0.015524661253814352,-0.0033585453489065023
10,loss,2007-12-31,-0.00901191022153848,US,1.0,short,-0.4166666666666667,0.010402081805176764,-0.004443072169908065
