variant,window,ann_return,ann_vol,sharpe,max_dd,dd_peak,dd_trough,turnover,ret_2022,dd_2022,n_months,ann_return_gross,sharpe_gross,sr_monthly,skew,kurtosis,sr0,dsr,n_trials,sr_var_trials
carry_hedged,full,0.0059071432761068935,0.022329165120725275,0.2645483270050279,-0.10365335031729239,2019-12-31,2022-12-31,1.4731393088074123,-0.04413136338921405,-0.046884126872085985,348.0,0.0076749104466757884,0.3441530857586204,0.07636852390500899,-0.3043115283888192,4.421441977847017,0.06715452049143115,0.567206072421798,17,0.0013494399837987799
carry_hedged,six,0.004791940410983828,0.020052900782260803,0.23896494891267175,-0.10365335031729273,2019-12-31,2022-12-31,1.4834834971329225,-0.04413136338921405,-0.046884126872085985,261.0,0.006572120607543334,0.3283077200896984,0.0689832387908081,-0.41246120664440533,4.142473576008222,0.06715452049143115,0.5115771712613423,17,0.0013494399837987799
carry_hedged_cost0,full,0.0076749104466757884,0.022300861925319947,0.3441530857586204,-0.09685454787170056,2019-12-31,2022-12-31,1.4731393088074123,-0.04151524617309684,-0.044468221533062846,348.0,0.0076749104466757884,0.3441530857586204,0.09934843835258993,-0.2998119743458685,4.420408028287532,0.06715452049143115,0.7219226347542959,17,0.0013494399837987799
carry_hedged_cost0,six,0.006572120607543334,0.020018172602665987,0.3283077200896984,-0.096854547871701,2019-12-31,2022-12-31,1.4834834971329225,-0.04151524617309684,-0.044468221533062846,261.0,0.006572120607543334,0.3283077200896984,0.09477427528540983,-0.40744542635166425,4.131785033068574,0.06715452049143115,0.6684095451788347,17,0.0013494399837987799
carry_hedged_cost2x,full,0.0041393761055379995,0.022363174041522868,0.18509788001704072,-0.11040339130181653,2019-12-31,2022-12-31,1.4731393088074123,-0.046747480605331265,-0.049294784706383266,348.0,0.0076749104466757884,0.3441530857586204,0.053433155427133755,-0.30885330090488394,4.420903373027381,0.06715452049143115,0.4000516446142724,17,0.0013494399837987799
carry_hedged_cost2x,six,0.0030117602144243217,0.02009454440798652,0.14987949730411934,-0.1104033913018172,2019-12-31,2022-12-31,1.4834834971329225,-0.046747480605331265,-0.049294784706383266,261.0,0.006572120607543334,0.3283077200896984,0.043266484057269544,-0.4174872194379994,4.151831429046161,0.06715452049143115,0.3514256429295655,17,0.0013494399837987799
carry_hedged_country_scope,full,0.001908553094380195,0.01595573024587489,0.11961552777401849,-0.0894452190893874,2019-12-31,2022-10-31,1.9626436781609196,-0.02178069172599665,-0.03056683364655044,348.0,0.004263725508173299,0.26778517235201044,0.03453002857979436,-0.5096007246726186,5.490926922856536,0.06715452049143115,0.2735692034539265,17,0.0013494399837987799
carry_hedged_country_scope,six,0.0035742392408379077,0.01553249808964933,0.2301136121316981,-0.08944521908938674,2019-12-31,2022-10-31,1.9674329501915708,-0.02178069172599665,-0.03056683364655044,261.0,0.005935158781067792,0.38255546769725823,0.06642807795421651,-0.8341876968597202,6.731810847840373,0.06715452049143115,0.4954649691484249,17,0.0013494399837987799
carry_hedged_ddstop,full,0.005369897800499567,0.022058230804082923,0.24344190829237367,-0.10410563860040589,2019-12-31,2025-11-30,1.476286544713269,-0.04413136338921405,-0.046884126872085985,348.0,0.007141441654155492,0.3241621373559282,0.07027562564231905,-0.321153523698042,4.534522594267607,0.06715452049143115,0.5228756741813513,17,0.0013494399837987799
carry_hedged_ddstop,six,0.0040756131101740605,0.01964495529037216,0.20746359815700305,-0.10410563860040689,2019-12-31,2025-11-30,1.4876798116740644,-0.04413136338921405,-0.046884126872085985,261.0,0.005860828884182937,0.29885578452122724,0.059889582121497024,-0.45948882348678227,4.263175266755033,0.06715452049143115,0.45406399053503865,17,0.0013494399837987799
carry_hedged_interbank_3m,full,0.006435913408134798,0.022674942156563942,0.28383372992516015,-0.09550514569873303,2019-12-31,2022-12-31,1.4891117224091361,-0.046832820317078916,-0.04909412068511465,348.0,0.008222847475025764,0.3628931271104157,0.08193574018869336,-0.29594239829418667,4.274864950972184,0.06715452049143115,0.6069343652520458,17,0.0013494399837987799
carry_hedged_interbank_3m,six,0.00495829760759234,0.021044364754093502,0.23561165497418318,-0.09550514569873281,2019-12-31,2022-12-31,1.503217116004472,-0.046832820317078916,-0.04909412068511465,261.0,0.006762158146797709,0.32158085386448565,0.06801522621177895,-0.7194338674356806,4.971745984454117,0.06715452049143115,0.5053940578199692,17,0.0013494399837987799
carry_hedged_no_gb30,full,0.0062603388404885996,0.022362963640244135,0.2799422715700599,-0.10345360410668591,2019-12-31,2022-12-31,1.4855616127167852,-0.04485165785591718,-0.04746711553576044,348.0,0.008043012775748743,0.36012319354648026,0.08081237292426471,-0.32127759341342654,4.444592345504274,0.06715452049143115,0.5988966331428716,17,0.0013494399837987799
carry_hedged_no_gb30,six,0.005262867830159439,0.02010517425839176,0.2617668348715135,-0.1034536041066858,2019-12-31,2022-12-31,1.5000465690120859,-0.04485165785591718,-0.04746711553576044,261.0,0.007062923712973939,0.3519208464441114,0.0755655762889923,-0.43788652322405675,4.201174346104078,0.06715452049143115,0.5529588290566751,17,0.0013494399837987799
carry_hedged_ratesvol,full,0.0059071432761068935,0.022329165120725275,0.2645483270050279,-0.10365335031729239,2019-12-31,2022-12-31,1.4731393088074123,-0.04413136338921405,-0.046884126872085985,348.0,0.0076749104466757884,0.3441530857586204,0.07636852390500899,-0.3043115283888192,4.421441977847017,0.06715452049143115,0.567206072421798,17,0.0013494399837987799
carry_hedged_ratesvol,six,0.004791940410983828,0.020052900782260803,0.23896494891267175,-0.10365335031729273,2019-12-31,2022-12-31,1.4834834971329225,-0.04413136338921405,-0.046884126872085985,261.0,0.006572120607543334,0.3283077200896984,0.0689832387908081,-0.41246120664440533,4.142473576008222,0.06715452049143115,0.5115771712613423,17,0.0013494399837987799
carry_hedged_voltarget,full,0.009352428842123074,0.04037911536664317,0.23161549620893956,-0.1878881577383359,2019-12-31,2022-12-31,2.812238908830758,-0.07525597423019106,-0.08035344004905609,348.0,0.012727115532719983,0.3156180244161705,0.06686163454236,-0.5504677193571548,4.841122675078427,0.06715452049143115,0.4978668300990738,17,0.0013494399837987799
carry_hedged_voltarget,six,0.00918260706899408,0.03836451209026417,0.23935159262260935,-0.18788815773833578,2019-12-31,2022-12-31,2.9169382474774372,-0.07525597423019106,-0.08035344004905609,261.0,0.012682932965967007,0.33113213293157867,0.06909485321581457,-0.46458777093150294,4.186815436327296,0.06715452049143115,0.5122615328237462,17,0.0013494399837987799
carry_unhedged,full,0.02801980651870266,0.11069244334825405,0.2531320627782006,-0.32249119285714245,1999-06-30,2001-08-31,1.4733787724089447,-0.06532188010704934,-0.2095169370054496,348.0,0.02978786104559341,0.2690806901022302,0.07307293229275968,0.6813750743409025,7.702429144794138,0.06715452049143115,0.5448145094866611,17,0.0013494399837987799
carry_unhedged,six,0.030253867984834287,0.10289881174295985,0.2940157176975778,-0.3107654132131631,2017-07-31,2022-08-31,1.4834834971329225,-0.06532188010704934,-0.2095169370054496,261.0,0.032034048181393784,0.31134009108643784,0.08487502687933876,0.24452336438950473,4.784586154076579,0.06715452049143115,0.6132297720746805,17,0.0013494399837987799
combined_hedged,full,0.002886362855011321,0.030875260970512967,0.09348464642186849,-0.14084140339024476,2019-12-31,2023-02-28,3.445733764160488,-0.08130394799480287,-0.08207944711925574,348.0,0.007021243372003906,0.22891723092061791,0.026986692888381375,-2.0412724663901574,19.279385028137757,0.06715452049143115,0.23352036372513052,17,0.0013494399837987799
combined_hedged,six,-0.0006353889107067174,0.030554911799417057,-0.02079498428527094,-0.14084140339024465,2019-12-31,2023-02-28,3.593210934446567,-0.08130394799480287,-0.08207944711925574,261.0,0.0036764642106291625,0.12134375816572435,-0.006002994887447607,-2.582132761159,24.462722203543002,0.06715452049143115,0.11726863574444812,17,0.0013494399837987799
combined_hedged_ddstop,full,0.00268520938858045,0.029257537191519373,0.09177838076401004,-0.12530592093344695,2019-12-31,2024-07-31,3.0385002529399077,-0.05897632742849811,-0.060954835211439296,348.0,0.006331409692108339,0.2178335345702206,0.026494136419944584,-2.339066839639001,23.517969487544235,0.06715452049143115,0.2315890971984011,17,0.0013494399837987799
combined_hedged_ddstop,six,-0.0009035935326145465,0.028348087081186676,-0.03187493851090291,-0.1253059209334466,2019-12-31,2024-07-31,3.050232919485793,-0.05897632742849811,-0.060954835211439296,261.0,0.002756685970768406,0.09811711678707027,-0.009201502164836282,-3.163386380294564,32.42562453955737,0.06715452049143115,0.10581500799995447,17,0.0013494399837987799
combined_hedged_ratesvol,full,0.002886362855011321,0.030875260970512967,0.09348464642186849,-0.14084140339024476,2019-12-31,2023-02-28,3.445733764160488,-0.08130394799480287,-0.08207944711925574,348.0,0.007021243372003906,0.22891723092061791,0.026986692888381375,-2.0412724663901574,19.279385028137757,0.06715452049143115,0.23352036372513052,17,0.0013494399837987799
combined_hedged_ratesvol,six,-0.0006353889107067174,0.030554911799417057,-0.02079498428527094,-0.14084140339024465,2019-12-31,2023-02-28,3.593210934446567,-0.08130394799480287,-0.08207944711925574,261.0,0.0036764642106291625,0.12134375816572435,-0.006002994887447607,-2.582132761159,24.462722203543002,0.06715452049143115,0.11726863574444812,17,0.0013494399837987799
combined_hedged_voltarget,full,0.0014533730210247032,0.049388471187828,0.02942737416384926,-0.255856053289942,2015-12-31,2025-11-30,5.98787690956173,-0.1374508172224714,-0.13685192784918776,348.0,0.00863882531249878,0.17617778634127107,0.008494951197521102,-1.2515585548197508,9.9658632040778,0.06715452049143115,0.1385500388156679,17,0.0013494399837987799
combined_hedged_voltarget,six,-0.003478836464474348,0.04907664966668154,-0.07088577741353344,-0.25585605328994243,2015-12-31,2025-11-30,6.359997042525047,-0.1374508172224714,-0.13685192784918776,261.0,0.004153159986555707,0.08539321153988477,-0.020462961335709712,-1.5450041536928805,11.273709303655568,0.06715452049143115,0.07566211518126369,17,0.0013494399837987799
combined_unhedged,full,0.0460465364225997,0.15450306518548554,0.2980299217191546,-0.4084654108201491,2017-07-31,2026-05-31,3.4454943005589556,-0.11116003349875098,-0.31831757104537795,348.0,0.05018112958327044,0.32458480985006893,0.0860338277655585,1.9686266366013176,19.119566495909897,0.06715452049143115,0.6474016694331154,17,0.0013494399837987799
combined_unhedged,six,0.048531489388665645,0.14974778917752785,0.32408818624447916,-0.4084654108201493,2017-07-31,2026-05-31,3.593210934446567,-0.11116003349875098,-0.31831757104537795,261.0,0.052843342510001536,0.3526371559036489,0.0935562007847138,1.3314163945783768,15.75746073012619,0.06715452049143115,0.6725002050661818,17,0.0013494399837987799
overlay_hedged,full,-0.003143322247085675,0.01859216646409404,-0.16906702363902498,-0.13699038003885144,2008-05-31,2026-05-31,2.074712643678161,-0.037512145045149256,-0.04407581182834042,348.0,-0.0006536670746718827,-0.035465827482308254,-0.048805445804539944,-4.159285317126405,54.43700510662077,0.06715452049143115,0.00882950714607273,17,0.0013494399837987799
overlay_hedged,six,-0.005553127661281992,0.020445439895145415,-0.27160715004231983,-0.1369903800388511,2008-05-31,2026-05-31,2.21455938697318,-0.037512145045149256,-0.04407581182834042,261.0,-0.002895656396914176,-0.14320299136325026,-0.0784062305953802,-4.251674660007614,48.69809527175778,0.06715452049143115,0.0031807783708478455,17,0.0013494399837987799
overlay_unhedged,full,0.017903613365263256,0.09102235971481816,0.19669467393898604,-0.28006227602776124,1998-10-31,2008-04-30,2.074712643678161,-0.046177713831262,-0.1501544862237124,348.0,0.020393268537677055,0.22371649085827644,0.05678086147341962,1.4601830527612418,16.670502207533815,0.06715452049143115,0.4205797572776677,17,0.0013494399837987799
overlay_unhedged,six,0.01815182306423993,0.09726800634576323,0.18661658387152275,-0.2490584773848783,2005-12-31,2008-04-30,2.21455938697318,-0.046177713831262,-0.1501544862237124,261.0,0.020809294328607758,0.21355557709098008,0.053871567466736006,1.3096841890981223,14.996300695524516,0.06715452049143115,0.4125625567144411,17,0.0013494399837987799
