date,n_countries,score,vol,threshold,flat_next
1962-02-28,1,,,,False
1962-03-31,1,,,,False
1962-04-30,1,,,,False
1962-05-31,1,,,,False
1962-06-30,1,,,,False
1962-07-31,1,,,,False
1962-08-31,1,,,,False
1962-09-30,1,,,,False
1962-10-31,1,,,,False
1962-11-30,1,,,,False
1962-12-31,1,,,,False
1963-01-31,1,,,,False
1963-02-28,1,,,,False
1963-03-31,1,,,,False
1963-04-30,1,,,,False
1963-05-31,1,,,,False
1963-06-30,1,,,,False
1963-07-31,1,,,,False
1963-08-31,1,,,,False
1963-09-30,1,,,,False
1963-10-31,1,,,,False
1963-11-30,1,,,,False
1963-12-31,1,,,,False
1964-01-31,1,,,,False
1964-02-29,1,,,,False
1964-03-31,1,,,,False
1964-04-30,1,,,,False
1964-05-31,1,,,,False
1964-06-30,1,,,,False
1964-07-31,1,,,,False
1964-08-31,1,,,,False
1964-09-30,1,,,,False
1964-10-31,1,,,,False
1964-11-30,1,,,,False
1964-12-31,1,,,,False
1965-01-31,1,,,,False
1965-02-28,1,,,,False
1965-03-31,1,,,,False
1965-04-30,1,,,,False
1965-05-31,1,,,,False
1965-06-30,1,,,,False
1965-07-31,1,,,,False
1965-08-31,1,,,,False
1965-09-30,1,,,,False
1965-10-31,1,,,,False
1965-11-30,1,,,,False
1965-12-31,1,,,,False
1966-01-31,1,,,,False
1966-02-28,1,,,,False
1966-03-31,1,,,,False
1966-04-30,1,,,,False
1966-05-31,1,,,,False
1966-06-30,1,,,,False
1966-07-31,1,,,,False
1966-08-31,1,,,,False
1966-09-30,1,,,,False
1966-10-31,1,,,,False
1966-11-30,1,,,,False
1966-12-31,1,,,,False
1967-01-31,1,-64.80860862955085,,,False
1967-02-28,1,33.18335396734638,,,False
1967-03-31,1,-112.1388189338244,,,False
1967-04-30,1,47.88397072643507,,,False
1967-05-31,1,1.9400873002509291,,,False
1967-06-30,1,143.36888771179758,,,False
1967-07-31,1,-21.717327774102266,,,False
1967-08-31,1,46.59158601586679,,,False
1967-09-30,1,5.581442732540291,,,False
1967-10-31,1,61.08989931895438,,,False
1967-11-30,1,17.670955423716627,,,False
1967-12-31,1,6.414684195292277,64.11370295389166,64.11370295389166,False
1968-01-31,1,-74.41735606803623,65.2343091004354,65.12224848578103,True
1968-02-29,1,9.727128141337998,64.92374231031985,65.17219574241228,False
1968-03-31,1,35.77567610120422,52.217705016978535,65.14113906340073,False
1968-04-30,1,46.541384300379605,52.16171121937159,65.11008238438917,False
1968-05-31,1,-0.3269485277158628,52.2497964668866,65.07902570537763,False
1968-06-30,1,-49.79245599932159,40.15980476711497,65.04796902636608,False
1968-07-31,1,-84.22756717311898,47.58159692370906,65.01691234735452,False
1968-08-31,1,-17.70272255183484,45.65012307407591,64.98585566834296,False
1968-09-30,1,3.662768248729307,45.61824222506473,64.95479898933141,False
1968-10-31,1,29.288956851822395,42.3097357811912,64.92374231031985,False
1968-11-30,1,25.003216225272936,42.7404828183963,64.84273837467704,False
1968-12-31,1,146.18348727213265,61.368213815406364,64.76173443903421,False
1969-01-31,1,-18.596838053044998,56.66992132196289,64.6807305033914,False
1969-02-28,1,24.7013490648844,56.816957280190515,64.59972656774858,False
1969-03-31,1,-38.8303159808403,58.013353771758155,64.51872263210575,False
1969-04-30,1,-9.580151508836376,56.64939477292644,64.43771869646294,False
1969-05-31,1,81.6335872739409,61.252978515365356,64.35671476082013,False
1969-06-30,1,117.77345925834851,65.8927941027137,64.98585566834296,True
1969-07-31,1,-12.463086144489331,58.22432986528002,64.95479898933141,False
1969-08-31,1,21.104402697696038,56.53315358425432,64.92374231031985,False
1969-09-30,1,154.78021299026773,65.97556193803497,65.20325242142384,True
1969-10-31,1,-165.11669054457832,89.45164904165334,65.76109710225803,True
1969-11-30,1,70.90313928131647,90.32550765031054,65.95073158743858,True
1969-12-31,1,122.57942258551343,87.81216210684435,79.07752203932063,True
1970-01-31,1,-25.264347365977887,88.16161659751069,87.98688935217751,True
1970-02-28,2,-123.39719886422189,98.50389740487621,88.67762957516776,True
1970-03-31,2,-24.651794170224775,97.86708641024146,89.7138066242505,True
1970-04-30,2,133.92160129986246,102.91340600579758,91.83382340229672,True
1970-05-31,2,-13.926535568079911,102.1918160283754,97.93076750970494,True
1970-06-30,2,-36.2997387581608,98.59177994307765,98.50389740487621,True
1970-07-31,2,-27.962305255607436,98.99228494535339,98.58299168925751,True
1970-08-31,2,11.27804118186704,98.90762048257697,98.8444523746771,True
1970-09-30,2,-20.105146732187524,87.2552486511662,98.81286832072718,False
1970-10-31,2,26.352861046165707,72.14431704944839,98.78128426677725,False
1970-11-30,2,-95.89411449918535,74.89390392036898,98.74970021282732,False
1970-12-31,2,-10.491477986122522,63.0162658422518,98.71811615887738,False
1971-01-31,2,-42.33616741293837,63.40629383235904,98.68653210492745,False
1971-02-28,2,-37.71435313959905,54.771844129556406,98.65494805097752,False
1971-03-31,2,-67.47807756574697,57.05536244659054,98.62336399702758,False
1971-04-30,2,97.72718196232427,48.82725492507918,98.59177994307765,False
1971-05-31,2,30.524252058223368,50.81585194363669,98.58299168925751,False
1971-06-30,2,83.4667424312783,57.4454064559885,98.57420343543737,False
1971-07-31,2,30.97523064765128,57.76506692575418,98.56541518161723,False
1971-08-31,2,-117.72024968912572,66.8679413254393,98.55662692779708,False
1971-09-30,2,-43.78503578546465,67.53214340604896,98.54783867397694,False
1971-10-31,2,-62.97701961938992,67.81920498100035,98.53905042015678,False
1971-11-30,2,-30.333847179313594,63.62934702023291,98.53026216633664,False
1971-12-31,2,9.03843714702105,63.981021147667754,98.5214739125165,False
1972-01-31,2,13.096946063562516,63.63524029170233,98.51268565869636,False
1972-02-29,2,6.174761017476998,63.026215363529126,98.50389740487621,False
1972-03-31,2,110.50932288262617,67.57885477627994,98.44021630541273,False
1972-04-30,2,-26.324260124701137,62.31545175770099,98.37653520594927,False
1972-05-31,2,91.83106841620553,67.33656749551164,98.31285410648579,False
1972-06-30,2,216.52369704341487,88.88122967510448,98.2491730070223,False
1972-07-31,2,-4.105505183493097,88.93578311911044,98.18549190755883,False
1972-08-31,2,63.89104122804232,79.53239850727903,98.12181080809536,False
1972-09-30,2,-2.0427275572090693,76.94817945446586,98.05812970863188,False
1972-10-31,1,-19.44144577023771,72.9816830247023,97.99444860916842,False
1972-11-30,1,-29.70112944072922,72.92982180948852,97.93076750970494,False
1972-12-31,1,44.654164683292045,72.46550620691995,97.86708641024146,False
1973-01-31,2,14.454323099815433,72.42286038665394,97.11292853424835,False
1973-02-28,2,49.60555039864771,71.72230909957713,96.35877065825531,False
1973-03-31,2,58.870092865695156,68.7579579438407,95.60461278226221,False
1973-04-30,2,-41.57745121125281,70.1850976191214,94.8504549062691,False
1973-05-31,2,-17.957101606560496,69.52815741005072,94.09629703027599,False
1973-06-30,2,47.09672233313212,37.57099085926138,93.34213915428289,False
1973-07-31,2,316.54554210679066,94.57685211325388,95.56392240235016,False
1973-08-31,2,-4.483771120603478,95.08901839127,95.6446319950643,False
1973-09-30,2,-68.38121207155878,99.25446642420762,97.93076750970494,True
1973-10-31,2,-33.93281402485296,99.98475952980961,98.50389740487621,True
1973-11-30,2,193.2551114093252,108.64196353699954,98.58299168925751,True
1973-12-31,2,-66.62367650491086,113.45734783083013,98.8444523746771,True
1974-01-31,2,18.109498146438145,113.39550596593415,98.96688560652046,True
1974-02-28,2,-24.31619678593404,114.68128330052724,99.14959383266593,True
1974-03-31,2,186.3129288684891,123.05351679980566,99.61961297700861,True
1974-04-30,2,-14.328282315408764,121.61393478949887,100.86758212923594,True
1974-05-31,2,-84.32429975636664,126.12666776272475,102.40829302160205,True
1974-06-30,2,115.93730874983078,128.09137428449253,104.05911751203799,True
1974-07-31,2,-87.41999507127139,100.11857554872311,103.48626175891783,False
1974-08-31,2,102.11145788618173,103.315358398524,103.315358398524,False
1974-09-30,2,-182.2206076152367,116.5209204909839,108.10930302315202,True
1974-10-31,2,-20.968548493095383,116.13385478903672,112.44479748014722,True
1974-11-30,2,59.03864953751827,102.70268412823991,111.96944323725378,False
1974-12-31,2,32.876077500559006,100.82462955535087,111.49408899436034,False
1975-01-31,2,-301.68667946251674,134.62375152773524,113.42642689838215,True
1975-02-28,2,-44.818784239077594,134.83768406154115,113.94692201870897,True
1975-03-31,2,-28.212912517093237,118.19811350995231,115.11705474708008,True
1975-04-30,2,139.11442577709414,128.79692471666243,116.21126792942616,True
1975-05-31,2,-110.23369829824298,130.09161704767763,116.68863979288075,True
1975-06-30,2,49.438812923744536,124.74625449827397,118.19811350995231,True
1975-07-31,2,83.40781433153131,127.65342798392669,121.27235266154423,True
1975-08-31,2,5.750227008262023,122.29400507538836,122.15799101821045,True
1975-09-30,2,48.312981294760995,113.39918219183943,122.08998398962152,False
1975-10-31,2,-64.11819760502344,114.54919381847327,122.02197696103256,False
1975-11-30,2,13.121538955028143,112.75237622892003,121.95396993244361,False
1975-12-31,2,-110.74344756773306,114.84002369129475,121.88596290385466,False
1976-01-31,2,-167.4807451813274,89.32939170696586,121.81795587526571,False
1976-02-29,2,-3.573376621162197,88.89278842619098,121.74994884667677,False
1976-03-31,2,3.091531836759078,88.83630775843378,121.68194181808782,False
1976-04-30,2,50.78480649533924,78.45665417066304,121.61393478949887,False
1976-05-31,2,172.6199941124327,89.55600584407873,121.27235266154423,False
1976-06-30,2,-83.65964763838173,91.99296148897307,120.93077053358955,False
1976-07-31,2,19.198218380885418,88.21265642984523,120.58918840563491,False
1976-08-31,2,-42.77448955100864,88.55034373840327,120.24760627768028,False
1976-09-30,2,139.758838820739,97.82751552293824,119.9060241497256,False
1976-10-31,2,157.42769416474837,106.4205472435522,119.56444202177096,False
1976-11-30,2,-165.6704938643701,118.16502092972614,119.22285989381626,False
1976-12-31,2,-56.5562411315598,114.6388246464357,118.88127776586163,False
1977-01-31,2,-126.52728709336877,109.63747213595059,118.53969563790699,False
1977-02-28,2,-71.76420902590765,111.885773471654,118.19811350995231,False
1977-03-31,2,-221.65370158448843,128.79221929365002,121.27235266154423,True
1977-04-30,2,-9.511741042605562,126.98271992601939,122.15799101821045,True
1977-05-31,2,89.82068565886631,117.19439116478485,122.08998398962152,False
1977-06-30,2,-7.972745243274044,116.13413621565434,122.02197696103256,False
1977-07-31,2,23.00786276438984,116.27013212507545,121.95396993244361,False
1977-08-31,2,-259.7933148554861,134.79536744359618,122.59780976515529,True
1977-09-30,2,16.991503218373772,123.9296865767818,123.3163677328985,True
1977-10-31,2,34.965212851285074,109.22456750635769,123.22875075520089,False
1977-11-30,2,132.51195618598166,117.3332443619938,123.14113377750328,False
1977-12-31,2,-62.30529958895596,117.42742048337988,123.05351679980566,False
1978-01-31,2,93.69205032894578,119.6108182915569,122.97756562736393,False
1978-02-28,2,21.097463881886938,118.97143379378463,122.9016144549222,False
1978-03-31,2,22.040473491463377,99.16037112624635,122.82566328248048,False
1978-04-30,2,113.1729620124211,103.43673370482313,122.74971211003874,False
1978-05-31,2,85.29260751800892,103.15920597309294,122.67376093759701,False
1978-06-30,2,101.34186423179487,105.48400356392916,122.59780976515529,False
1978-07-31,2,-51.53622115096208,107.897215471179,122.52185859271354,False
1978-08-31,2,10.645320908455982,62.835719214993446,122.44590742027182,False
1978-09-30,2,26.338470918085925,62.539087834280124,122.36995624783009,False
1978-10-31,2,154.40375020824808,70.0362694804558,122.29400507538836,False
1978-11-30,2,23.726709496120158,65.84994991452804,122.2259980467994,False
1978-12-31,2,93.19788630160545,57.63998254090752,122.15799101821045,False
1979-01-31,2,44.23083871801943,56.597879776232595,122.08998398962152,False
1979-02-28,2,-173.60994040080828,86.69152300507102,122.02197696103256,False
1979-03-31,2,-148.80257438723834,102.10755891245537,121.95396993244361,False
1979-04-30,2,-0.2926073160110967,98.19712095773022,121.88596290385466,False
1979-05-31,2,43.30258136203637,96.14243847404495,121.81795587526571,False
1979-06-30,2,82.1427533826265,94.63662744627494,121.74994884667677,False
1979-07-31,2,42.53593136945855,93.08170713846239,121.68194181808782,False
1979-08-31,2,7.704984881114733,93.10234454614182,121.61393478949887,False
1979-09-30,2,32.31250963850418,93.17719469639621,121.41362313970468,False
1979-10-31,2,331.4274661667373,125.39687219574095,122.15799101821045,True
1979-11-30,2,110.5827782851868,127.39877100636711,122.82566328248049,True
1979-12-31,2,-28.794750516302017,127.52433497912286,123.57921866599135,True
1980-01-31,2,64.76599751402546,127.89097124513643,124.3379705375279,True
1980-02-29,2,345.68416187465806,139.92235888634266,125.00650157726076,True
1980-03-31,2,-44.475585723626985,127.5445833516035,125.6158108658361,True
1980-04-30,2,-509.09287799954245,213.25081308150686,126.29787819538369,True
1980-05-31,2,-188.1470533955931,223.14643512908953,127.02432503405416,True
1980-06-30,2,-98.37083762375107,224.69618046846028,127.39877100636711,True
1980-07-31,2,46.81327498812581,224.76363663939802,127.51177858184728,True
1980-08-31,2,273.93264513984457,237.7268730717916,127.54053367710738,True
1980-09-30,2,-52.431904488501175,238.84494035171124,127.62077459422974,True
1980-10-31,2,117.50591926040451,220.87569563244801,127.79595394065254,True
1980-11-30,2,61.11681441045337,219.14351071274544,127.99117276481448,True
1980-12-31,2,-50.36665243873486,219.48083763743068,128.37171228815552,True
1981-01-31,2,-1.3398458872414167,218.4592543961035,128.79363092055374,True
1981-02-28,2,41.23392799671829,189.35663457475454,129.0558631828655,True
1981-03-31,2,-92.84949637728522,190.1217560686637,130.54483049568336,True
1981-04-30,2,181.16772837266822,129.1755315744038,130.09161704767763,False
1981-05-31,2,-24.202866092018326,112.80949642943584,130.00000850035025,False
1981-06-30,2,72.11755343336442,105.1661385319487,129.90839995302287,False
1981-07-31,2,223.1255091910636,116.70988738688808,129.8167914056955,False
1981-08-31,2,69.97805741820629,96.14629124117938,129.7251828583681,False
1981-09-30,2,205.52838684824815,100.99458862786804,129.63357431104072,False
1981-10-31,2,-246.16315913845696,133.70195004892244,131.5357502481756,True
1981-11-30,2,-404.72517767035424,184.07815358856735,133.9784904925663,True
1981-12-31,2,268.92070106572896,198.9583290395893,134.65807471090744,True
1982-01-31,2,-64.56262875974777,200.53274691968764,134.79959910539068,True
1982-02-28,2,-109.39443840684933,203.71250426453898,134.83768406154115,True
1982-03-31,2,-90.39812274381026,203.6049354653956,139.41389140386255,True
1982-04-30,2,-29.476950440682614,196.14736178155314,175.24699464812292,True
1982-05-31,2,-112.98126008639383,198.36178335290936,187.77309027889848,True
1982-06-30,2,114.20688922334188,200.46434303277425,189.81570747110004,True
1982-07-31,2,-300.4874056681541,200.98651274705762,193.13455892510842,True
1982-08-31,2,-276.28765464301944,205.6974052348391,197.03313041009565,True
1982-09-30,2,-156.3193231552044,184.30138413175078,196.81168825296004,False
1982-10-31,2,-271.0498520985916,186.01525079682355,196.59024609582443,False
1982-11-30,2,158.0204015080249,178.3145478129561,196.36880393868876,False
1982-12-31,2,-85.62322552789804,142.3494782172477,196.14736178155314,False
1983-01-31,2,122.00673136979064,156.31695349152056,195.54480121026424,False
1983-02-28,2,-117.85190356537373,156.4486611785481,194.94224063897533,False
1983-03-31,2,61.003786635434366,162.16656622226625,194.3396800676864,False
1983-04-30,2,-100.68415940961245,161.66856592601007,193.73711949639733,False
1983-05-31,2,88.387244156193,168.3055437506882,193.13455892510842,False
1983-06-30,2,20.650212242761068,161.33665176910003,192.53199835381952,False
1983-07-31,2,180.96550097099356,159.06851720444712,191.9294377825306,False
1983-08-31,2,20.197729658188415,139.380744404193,191.32687721124168,False
1983-09-30,2,-178.33552669664363,141.65569939466494,190.7243166399526,False
1983-10-31,2,-0.847772307142602,115.12279685657097,190.1217560686637,False
1983-11-30,2,-12.29053973846181,105.87937250458626,190.0452439192728,False
1983-12-31,2,22.194297253069728,102.49208820005755,189.96873176988188,False
1984-01-31,2,-28.19871044777851,96.3982240405798,189.89221962049098,False
1984-02-29,2,21.909979142036605,89.5573824342741,189.81570747110004,False
1984-03-31,2,44.47581168847519,88.7904603831146,189.73919532170913,False
1984-04-30,2,76.92013175156413,83.96460057185887,189.6626831723182,False
1984-05-31,2,283.7544745755856,112.30542950872442,189.5861710229273,False
1984-06-30,2,-15.87122959510651,113.29748483726723,189.50965887353638,False
1984-07-31,2,37.56652390369986,103.60066152982381,189.43314672414544,False
1984-08-31,2,-154.51786070754335,115.55921401202477,189.35663457475454,False
1984-09-30,2,-78.99902014341615,103.9695169158327,189.02249619696147,False
1984-10-31,2,-150.8838980930454,114.69294044978582,188.68835781916837,False
1984-11-30,2,-127.90712150444642,120.86129058957216,188.3542194413753,False
1984-12-31,2,23.403973219968115,120.88726073095494,188.02008106358213,False
1985-01-31,2,36.47075033536665,121.23385540735413,187.68594268578903,False
1985-02-28,2,133.717159796082,127.24391301031113,187.35180430799596,False
1985-03-31,2,-78.34300597678197,129.0584896281368,187.0176659302029,False
1985-04-30,2,-82.46884221743036,128.48563769041365,186.6835275524098,False
1985-05-31,2,-144.22307122117982,92.53853811229827,186.34938917461662,False
1985-06-30,2,-27.57077377987354,92.20534083217254,186.01525079682355,False
1985-07-31,2,-39.93567768339224,88.04711685808468,185.8438641303163,False
1985-08-31,2,-33.05597151706083,82.71326492062546,185.672477463809,False
1985-09-30,2,-14.418194305101723,82.57711859232082,185.50109079730174,False
1985-10-31,2,-20.9302331065738,75.20638054695196,185.32970413079443,False
1985-11-30,2,-20.75433471019433,68.77592574900605,185.15831746428717,False
1985-12-31,2,-13.882957278579504,67.34874170091322,184.9869307977799,False
1986-01-31,2,61.44686102669478,69.77839220486717,184.81554413127262,False
1986-02-28,3,-132.77843011644774,56.355768418575465,184.64415746476536,False
1986-03-31,3,-203.5794683307719,72.31248420613043,184.47277079825804,False
1986-04-30,3,-33.62386306463655,72.06219011160277,184.30138413175078,False
1986-05-31,3,119.00923959945472,80.93594765804224,184.27906107743243,False
1986-06-30,3,-44.137209862412845,81.03186190169086,184.25673802311408,False
1986-07-31,3,41.7548536549107,83.63789747311318,184.23441496879576,False
1986-08-31,3,-63.55750405034808,84.37912508764678,184.2120919144774,False
1986-09-30,3,222.40725306432873,111.08854141644922,184.18976886015906,False
1986-10-31,3,-21.66170701907336,111.0968496827197,184.1674458058407,False
1986-11-30,3,-8.910622254141563,111.0204585510928,184.14512275152236,False
1986-12-31,3,-20.917003919325715,111.08176900519838,184.12279969720404,False
1987-01-31,4,-68.41076729514656,110.12388107397862,184.1004766428857,False
1987-02-28,4,-9.061301407660835,104.00935094587983,184.07815358856735,False
1987-03-31,4,-33.64181592953127,84.66326586959178,183.50179301100624,False
1987-04-30,4,109.02968339572683,88.43252231644213,182.92543243344517,False
1987-05-31,4,36.78131604949446,82.95165058419434,182.34907185588406,False
1987-06-30,4,55.78956282497968,81.85174706916231,181.77271127832282,False
1987-07-31,4,118.60367008125489,86.58110062701707,181.19635070076174,False
1987-08-31,4,94.14081272631591,83.60752707792633,180.61999012320064,False
1987-09-30,4,109.98072923746467,65.61205373870034,180.04362954563953,False
1987-10-31,4,-253.3573209710368,104.69424903884659,179.46726896807846,False
1987-11-30,4,10.9505271600787,104.51053546822513,178.8909083905172,False
1987-12-31,4,3.7600546621940434,104.03512369352202,178.3145478129561,False
1988-01-31,4,-100.23357404721122,106.71311616933718,177.3136474067294,False
1988-02-29,4,-0.7957988189698524,106.59215993445072,176.31274700050264,False
1988-03-31,4,11.82168863611209,105.60315344442569,175.3118465942759,False
1988-04-30,4,52.44404565687172,102.30137021956081,174.3109461880489,False
1988-05-31,4,56.669493829842594,102.90472198162668,173.31004578182217,False
1988-06-30,4,45.1621148672164,102.55106373164315,172.30914537559542,False
1988-07-31,4,48.80500492327256,97.85335719022831,171.30824496936867,False
1988-08-31,4,106.90675117403507,98.95464061872997,170.30734456314195,False
1988-09-30,4,-82.6561309998113,96.4428742566242,169.30644415691495,False
1988-10-31,4,-48.393590755772095,60.601983426157524,168.3055437506882,False
1988-11-30,4,108.8158480243355,67.16189762341436,167.69164599784605,False
1988-12-31,4,18.29384951274193,67.03513618070781,167.07774824500387,False
1989-01-31,4,-28.002193720880577,58.09313703361966,166.46385049216173,False
1989-02-28,4,116.08388696725497,63.12201688188172,165.84995273931938,False
1989-03-31,4,11.265425602295043,63.13984966625898,165.23605498647723,False
1989-04-30,4,-56.96151632046242,67.9183248694874,164.62215723363508,False
1989-05-31,4,2.0063769882384577,67.40791006754827,164.0082594807929,False
1989-06-30,4,-74.1920666004256,72.02294997504909,163.39436172795075,False
1989-07-31,4,-86.72464875133892,75.93300473789235,162.7804639751084,False
1989-08-31,4,90.41136323663571,73.92209998505399,162.16656622226625,False
1989-09-30,4,67.78321153946972,71.82004607309358,162.11676619264063,False
1989-10-31,4,-36.72210369928183,71.03158708534696,162.06696616301502,False
1989-11-30,4,55.58984267114529,65.84077864815929,162.0171661333894,False
1989-12-31,4,-14.755314368949945,65.99679195117608,161.96736610376377,False
1990-01-31,4,112.69969647469925,72.0511689579221,161.91756607413816,False
1990-02-28,4,111.20553895710401,71.44350772399322,161.86776604451256,False
1990-03-31,4,103.39289283319582,75.80677204007804,161.81796601488693,False
1990-04-30,4,57.616191658185585,71.96403899433136,161.7681659852613,False
1990-05-31,4,-178.65064490776479,94.3162878236248,161.7183659556357,False
1990-06-30,4,-43.51015423356836,91.99779444205753,161.66856592601007,False
1990-07-31,4,-23.657342804400926,87.02214131093969,161.63537451031908,False
1990-08-31,4,35.983936925200624,84.6969199750046,161.60218309462806,False
1990-09-30,4,47.783373977413476,83.87645182218475,161.56899167893707,False
1990-10-31,4,-144.299002800783,95.33038335868486,161.53580026324605,False
1990-11-30,4,-90.741636894848,98.2751609584346,161.50260884755505,False
1990-12-31,4,-36.78847574912915,98.73490507381585,161.46941743186406,False
1991-01-31,4,-79.54358949054105,93.52281284552174,161.43622601617304,False
1991-02-28,4,-72.82630757636672,84.70699085026658,161.40303460048204,False
1991-03-31,4,1.8974272496282187,73.97158440762549,161.36984318479102,False
1991-04-30,4,-8.316715401271551,67.94972722838628,161.33665176910003,False
1991-05-31,4,-8.975799642196993,55.03253271788261,161.10983831263476,False
1991-06-30,4,49.73095297848222,60.10848348536996,160.88302485616947,False
1991-07-31,4,-49.99292241241912,60.43612681289408,160.6562113997042,False
1991-08-31,4,-80.32846644972311,58.235645114060425,160.42939794323885,False
1991-09-30,4,-120.73375986976285,55.56669504214758,160.20258448677356,False
1991-10-31,4,-52.69038621689332,47.677486290578734,159.97577103030835,False
1991-11-30,4,-8.208170144002654,46.54062091459891,159.74895757384303,False
1991-12-31,4,-77.34146652027238,47.82803144632445,159.52214411737768,False
1992-01-31,4,2.8129824947618722,47.90320608556154,159.29533066091247,False
1992-02-29,4,4.774218161551156,47.63072020070298,159.06851720444712,False
1992-03-31,4,93.00191199835496,58.91762598646721,158.8065316018573,False
1992-04-30,4,-59.62759093364342,59.741474745902345,158.54454599926734,False
1992-05-31,4,-71.44207223820577,60.86908698680775,158.28256039667738,False
1992-06-30,4,-54.42043315037614,55.527645782772716,158.02057479408757,False
1992-07-31,4,-92.48707937660618,57.5738058951965,157.7585891914976,False
1992-08-31,4,1.6041803425026835,57.61021545703347,157.4966035889078,False
1992-09-30,4,-32.80727395200195,51.110260496266385,157.23461798631783,False
1992-10-31,4,-99.67515053145887,54.76709139401929,156.97263238372787,False
1992-11-30,4,119.55887349165208,70.22462390673765,156.71064678113805,False
1992-12-31,4,-51.56553459151725,68.76267106164028,156.4486611785481,False
1993-01-31,4,-63.08344862556886,69.40149726346128,156.43549040984536,False
1993-02-28,4,-86.67846912296635,70.7806950264361,156.4223196411426,False
1993-03-31,4,36.088349581339585,63.04426797705038,156.40914887243983,False
1993-04-30,4,27.43254185570175,65.28341834984235,156.3959781037371,False
1993-05-31,4,12.729769522940549,65.02029247012337,156.38280733503433,False
1993-06-30,4,-75.87802015491758,66.22851300450837,156.3696365663316,False
1993-07-31,4,-43.55241064889452,63.15733814943997,156.35646579762883,False
1993-08-31,4,-43.50957795608218,63.01132571439292,156.34329502892606,False
1993-09-30,4,8.889246113235801,63.692355689610295,156.33012426022333,False
1993-10-31,4,-56.58732470617219,59.9983810656534,156.31695349152056,False
1993-11-30,4,-11.96145627056347,41.851466030272704,154.92020596409375,False
1993-12-31,4,-46.79592335629973,41.63950896550366,153.52345843666615,False
1994-01-31,4,33.905469057210354,43.69472224411866,152.12671090923854,False
1994-02-28,4,123.2355664313412,55.27367619743602,150.72996338181173,False
1994-03-31,4,173.3039773933704,74.82904211087613,149.33321585438415,False
1994-04-30,4,69.78902385894506,76.78020705027691,147.93646832695734,False
1994-05-31,4,66.49371623782352,78.38090124946393,146.53972079952973,False
1994-06-30,4,86.57902919584618,74.93956086771533,145.14297327210213,False
1994-07-31,4,-14.655619257275998,72.7954244577607,143.74622574467531,False
1994-08-31,4,6.463372423944192,69.40932418109054,142.3494782172477,False
1994-09-30,4,37.94366748892272,68.86111808789526,142.28010033498944,False
1994-10-31,4,35.456500689234744,62.03693826575569,142.21072245273115,False
1994-11-30,4,23.78628950766857,59.784163104903065,142.14134457047288,False
1994-12-31,4,47.746078112949746,51.590357250267466,142.07196668821462,False
1995-01-31,4,-19.456429859308937,55.92684539361717,142.00258880595632,False
1995-02-28,4,-98.74635834112607,66.34542728280152,141.93321092369806,False
1995-03-31,4,-38.039964804482594,52.84364413298602,141.86383304143976,False
1995-04-30,4,-40.265110162879154,52.38710102708835,141.7944551591815,False
1995-05-31,4,-153.52628123910824,66.5547147490332,141.72507727692323,False
1995-06-30,4,23.979201056181445,60.419208613397025,141.65569939466494,False
1995-07-31,4,3.836258851545346,60.68561780554038,141.48236534383275,False
1995-08-31,4,-16.09190666695808,60.33452674001446,141.3090312930005,False
1995-09-30,4,-41.24322510769365,58.17635658538774,141.13569724216825,False
1995-10-31,4,-34.76919113061832,55.251457139488146,140.96236319133607,False
1995-11-30,4,-74.59462013229475,54.06333464788715,140.7890291405038,False
1995-12-31,4,-3.729978696996259,48.504669996427516,140.61569508967162,False
1996-01-31,4,-13.185909298022333,48.79142206553436,140.44236103883935,False
1996-02-29,4,103.97345203808399,60.493953080277336,140.2690269880071,False
1996-03-31,4,30.461609965648158,62.218843176206654,140.09569293717493,False
1996-04-30,4,35.157363443771686,63.552655390857524,139.92235888634266,False
1996-05-31,4,7.552003644433073,45.230923393378966,139.8681974381277,False
1996-06-30,4,-22.83852393661264,45.1610180468999,139.81403598991272,False
1996-07-31,4,6.574817953097802,45.20077014195887,139.75987454169777,False
1996-08-31,4,-39.25235815673385,46.34215446625533,139.7057130934828,False
1996-09-30,4,-41.391033239053044,46.353022538349464,139.65155164526783,False
1996-10-31,4,-66.6280857941802,49.11579631774419,139.59739019705287,False
1996-11-30,4,-45.01539683994666,46.03273222250207,139.5432287488379,False
1996-12-31,4,70.65985571373716,50.83484552931918,139.48906730062293,False
1997-01-31,4,-8.66041685643729,50.7272233354754,139.43490585240798,False
1997-02-28,4,4.169761342429571,39.5330629093201,139.380744404193,False
1997-03-31,4,85.16493420993189,46.61085067500579,138.92643836992798,False
1997-04-30,4,-11.90153571061212,45.2322949442181,138.47213233566268,False
1997-05-31,4,-6.974552118816697,45.05606122093244,138.01782630139738,False
1997-06-30,4,-8.946797576987075,44.77121297973235,137.56352026713236,False
1997-07-31,4,-58.57640975434972,47.105211845895234,137.1092142328671,False
1997-08-31,4,28.23430674853421,47.40275128627663,136.65490819860204,False
1997-09-30,5,-37.24233724268355,47.127450733295284,136.20060216433677,False
1997-10-31,5,-13.204888106833796,43.09006139547421,135.74629613007147,False
1997-11-30,5,25.85655166642489,41.20346820186523,135.29199009580645,False
1997-12-31,5,-10.349283154776192,35.88911789021319,134.83768406154115,False
1998-01-31,5,-35.649267084624434,37.230936915696496,134.83345239974665,False
1998-02-28,5,14.840872708370108,37.55124117349138,134.82922073795217,False
1998-03-31,5,-4.081265676192258,25.554378540841377,134.82498907615766,False
1998-04-30,5,2.7952767143608805,25.79725199235453,134.82075741436316,False
1998-05-31,5,-17.425961384177107,25.91325182031594,134.81652575256868,False
1998-06-30,5,29.233392398441662,28.22532601017454,134.81229409077417,False
1998-07-31,5,0.12500199190294534,22.93143758984983,134.80806242897967,False
1998-08-31,5,-59.941553199027,26.430649907383618,134.80383076718516,False
1998-09-30,5,-103.86128600892002,37.5964122272077,134.79959910539068,False
1998-10-31,5,-5.518169560278357,37.6822477637653,134.79536744359618,False
1998-11-30,5,14.017656048984781,36.69552203375074,134.7782058520101,False
1998-12-31,5,5.623861169215812,37.15261528162978,134.761044260424,False
1999-01-31,5,-15.601287208311934,36.50230940068033,134.7438826688379,False
1999-02-28,5,67.07955490358712,42.560884093886955,134.7267210772518,False
1999-03-31,5,-28.345157181921127,42.968674947231705,134.7095594856657,False
1999-04-30,5,2.9190058790757036,42.97186068009002,134.69239789407962,False
1999-05-31,5,52.13596572483889,46.33729874102899,134.67523630249352,False
1999-06-30,5,62.77402479623656,49.40221279412921,134.6580747109074,False
1999-07-31,5,47.5049596870053,51.33123265938811,134.64091311932134,False
1999-08-31,5,21.775562055559824,47.463184947190136,134.62375152773524,False
1999-09-30,5,14.459696327097026,31.12903127771104,134.531571379854,False
1999-10-31,5,38.67009240197961,30.454898919237802,134.43939123197268,False
1999-11-30,5,24.513976785075887,30.305517088311923,134.34721108409138,False
1999-12-31,5,29.072555117914202,29.73116140565733,134.25503093621015,False
2000-01-31,5,56.2634587244613,27.664873197910325,134.16285078832885,False
2000-02-29,5,-27.602112705538246,30.256031258255955,134.0706706404476,False
2000-03-31,5,-19.758039300620585,28.96630794701303,133.9784904925663,False
2000-04-30,5,19.707245593332594,28.185806492377612,133.886310344685,False
2000-05-31,5,8.506399216074412,27.39908599681271,133.79413019680374,False
2000-06-30,5,-27.23893386095144,27.835407666237515,133.70195004892244,False
2000-07-31,5,5.910219013122767,26.016622616179504,133.3409167487981,False
2000-08-31,5,3.019043634637332,25.940781456572296,132.97988344867352,False
2000-09-30,5,-21.302404500161213,27.449892331103943,132.61885014854894,False
2000-10-31,5,-2.020199339360348,25.70449127518021,132.2578168484246,False
2000-11-30,5,-56.70898560597724,30.147251138537044,131.89678354830005,False
2000-12-31,5,-54.073205391288504,31.700980597738166,131.53575024817567,False
2001-01-31,5,-41.22072953219991,25.086820673280773,131.17471694805113,False
2001-02-28,5,-19.801696795803586,24.908241204997438,130.81368364792655,False
2001-03-31,5,-23.21747476775409,24.96199365577625,130.4526503478022,False
2001-04-30,5,51.767426775037485,30.411904514996348,130.09161704767763,False
2001-05-31,5,4.6851762177988645,30.165855127950493,130.00000850035028,False
2001-06-30,5,12.826260467574446,30.898448345045487,129.90839995302287,False
2001-07-31,5,-51.35520173287682,32.32436077472015,129.81679140569548,False
2001-08-31,5,-41.97741068912354,32.470089725081614,129.72518285836813,False
2001-09-30,5,-69.73893293942386,35.48977960703583,129.63357431104072,False
2001-10-31,5,-77.12249626849075,37.764993301455775,129.54196576371336,False
2001-11-30,5,55.494836887776955,44.051651900307455,129.45035721638595,False
2001-12-31,5,52.81956374428032,47.46312408537699,129.35874866905857,False
2002-01-31,5,23.090982924596688,47.52371414126067,129.26714012173122,False
2002-02-28,5,-6.568235185922708,47.34976457315533,129.1755315744038,False
2002-03-31,5,98.12751470963602,55.53569976949941,129.1638273797771,False
2002-04-30,5,-45.46663914161262,55.07790139891445,129.1521231851504,False
2002-05-31,5,7.496328595494542,55.1230714685491,129.1404189905237,False
2002-06-30,5,-40.4483604369523,55.82675026775587,129.128714795897,False
2002-07-31,5,-68.33809436078998,57.22432724613538,129.1170106012703,False
2002-08-31,5,-30.915359529916703,56.73861425439192,129.10530640664362,False
2002-09-30,5,-58.1882220704376,55.69293912173742,129.09360221201692,False
2002-10-31,5,19.255740179372676,51.53422879918889,129.08189801739022,False
2002-11-30,5,39.32308583483534,50.15931046460521,129.0701938227635,False
2002-12-31,5,-66.87170313768448,50.423548562499455,129.0584896281368,False
2003-01-31,5,13.787777199086474,49.92428339867574,129.0323331369894,False
2003-02-28,5,-30.240807156684543,50.175863857728366,129.00617664584195,False
2003-03-31,5,27.571033107155692,38.72917276597598,128.9800201546945,False
2003-04-30,5,2.308096829624985,38.260921989215646,128.95386366354705,False
2003-05-31,5,-67.10222919479935,40.206611455970986,128.9277071723996,False
2003-06-30,5,18.742957295776808,41.30718085433249,128.9015506812522,False
2003-07-31,5,67.85978380534343,44.42893689275788,128.87539419010474,False
2003-08-31,5,51.87666755622077,46.482696866711926,128.8492376989573,False
2003-09-30,5,-51.680422656629354,45.7549271592834,128.82308120780988,False
2003-10-31,5,78.61923301981571,50.72162244095434,128.79692471666243,False
2003-11-30,5,13.958818175758847,49.772538790848294,128.7964541743612,False
2003-12-31,5,-33.22664051750991,46.179815399906836,128.79598363205994,False
2004-01-31,5,-9.693597367699947,46.39567749258227,128.7955130897587,False
2004-02-29,5,-32.739182714489765,46.57711461077812,128.79504254745746,False
2004-03-31,5,0.16600895946664096,46.0678324460138,128.79457200515623,False
2004-04-30,5,80.98389094892651,51.22975945899313,128.794101462855,False
2004-05-31,5,48.72231212422087,46.07230473906342,128.79363092055374,False
2004-06-30,5,19.306585801864806,46.071788110491376,128.7931603782525,False
2004-07-31,5,0.37060121952931696,43.6912012849507,128.79268983595125,False
2004-08-31,5,-46.975713902695354,45.171596859041586,128.79221929365002,False
2004-09-30,5,7.7423293478232775,41.416325498954144,128.76156113332638,False
2004-10-31,5,-11.801257407238648,35.755269773925086,128.73090297300274,False
2004-11-30,5,3.590645017436833,35.59307169550822,128.7002448126791,False
2004-12-31,6,-0.31169051337035336,33.83954241105548,128.6695866523555,False
2005-01-31,6,-2.0885697966627776,33.61087117584333,128.63892849203182,False
2005-02-28,6,38.675052146370604,32.51356310956708,128.6082703317082,False
2005-03-31,6,9.797911268496998,32.3258212856216,128.57761217138457,False
2005-04-30,6,-39.68162584363705,27.426097191127464,128.54695401106093,False
2005-05-31,6,-22.153493396740984,23.92304443743089,128.5162958507373,False
2005-06-30,6,-19.121352941395205,23.13294753442138,128.48563769041365,False
2005-07-31,6,48.8058455038377,28.178721657802136,128.44621134982157,False
2005-08-31,6,-12.716007180596932,24.83220222563337,128.40678500922942,False
2005-09-30,6,46.50308402709544,28.21290522642728,128.3673586686373,False
2005-10-31,6,50.833205761326184,30.838497267143328,128.32793232804522,False
2005-11-30,6,7.819693624482753,30.801297124340703,128.2885059874531,False
2005-12-31,6,-0.4799350148563584,30.805891186157133,128.249079646861,False
2006-01-31,6,29.144015188569615,31.115575891396848,128.20965330626888,False
2006-02-28,6,21.018030980244593,30.11253174705987,128.17022696567676,False
2006-03-31,6,47.66509180326309,32.0156076659892,128.13080062508465,False
2006-04-30,6,34.76212283778085,27.783413852350893,128.09137428449253,False
2006-05-31,6,6.649823112825846,24.975064231982124,128.07133398055691,False
2006-06-30,6,32.423922095526,21.49914903245803,128.0512936766213,False
2006-07-31,6,-26.947983914415943,25.03620057894026,128.0312533726857,False
2006-08-31,6,-27.09913008875489,26.997820869627564,128.0112130687501,False
2006-09-30,6,-7.6132936758189205,26.41284404959013,127.99117276481448,False
2006-10-31,6,20.76553393287279,23.91015397521265,127.97113246087888,False
2006-11-30,6,-10.764055818632315,24.75764004214039,127.95109215694326,False
2006-12-31,6,41.98856704646033,26.127063450295292,127.93105185300765,False
2007-01-31,6,26.92704082200903,26.013974923342413,127.91101154907204,False
2007-02-28,6,-29.416479484551274,28.601703804540627,127.89097124513643,False
2007-03-31,6,17.884438739432493,26.13831301864796,127.86721691901546,False
2007-04-30,6,19.44164099918392,24.9881586850685,127.84346259289448,False
2007-05-31,6,58.188815746370004,29.290147714156145,127.8197082667735,False
2007-06-30,6,21.91847486307618,28.69854360679195,127.79595394065254,False
2007-07-31,6,-32.48966907799039,29.36251195223532,127.77219961453156,False
2007-08-31,6,-55.833978033674555,33.40607035778733,127.7484452884106,False
2007-09-30,6,-15.30450611378222,33.76114750550272,127.72469096228961,False
2007-10-31,6,-9.7038997875661,33.63580441924414,127.70093663616863,False
2007-11-30,6,-80.2483451411211,41.28273106486884,127.67718231004767,False
2007-12-31,6,16.579858402426044,39.369760540555944,127.65342798392669,False
2008-01-31,6,-96.20876711133792,45.76989795007132,127.64254352069437,False
2008-02-29,6,-43.67493895364709,46.347359544459685,127.63165905746206,False
2008-03-31,6,-1.6672596460577498,45.35716047919164,127.62077459422973,False
2008-04-30,6,76.81792236252402,52.19973029911872,127.60989013099741,False
2008-05-31,6,81.77863038793666,55.48449318209334,127.5990056677651,False
2008-06-30,6,28.848974710009188,55.898531124787326,127.58812120453278,False
2008-07-31,6,-41.81562623024638,56.28906106869757,127.57723674130047,False
2008-08-31,6,-52.8198666326462,56.08057250806176,127.56635227806814,False
2008-09-30,6,-48.03620179843625,57.07224458924,127.55546781483582,False
2008-10-31,6,-106.16922669381704,62.882530966888716,127.5445833516035,False
2008-11-30,6,-107.47114892132602,65.59875735596076,127.54255851435545,False
2008-12-31,6,-104.34504913282892,67.9622531083378,127.54053367710738,False
2009-01-31,6,36.54121570947944,67.81978378922514,127.5385088398593,False
2009-02-28,6,-24.355967845747774,67.52601985115813,127.53648400261125,False
2009-03-31,6,-27.308986819528666,67.2329420512219,127.53445916536319,False
2009-04-30,6,29.36132620497879,61.94998090582954,127.53243432811512,False
2009-05-31,6,38.147462301155976,55.90805254308192,127.53040949086706,False
2009-06-30,6,6.953466406601535,54.082714195239824,127.52838465361899,False
2009-07-31,6,5.597488514064968,55.13708993173332,127.52635981637093,False
2009-08-31,6,-23.950659796376012,54.65441611383469,127.52433497912286,False
2009-09-30,6,-1.7152431809766575,54.67603098790335,127.51177858184728,False
2009-10-31,6,17.720858560626052,48.991858538024566,127.4992221845717,False
2009-11-30,6,-34.08663334504747,39.839370898922674,127.48666578729613,False
2009-12-31,6,59.462771187646524,30.29283812703789,127.47410939002056,False
2010-01-31,6,-30.088473980210125,30.464577065937206,127.46155299274498,False
2010-02-28,6,-13.860656868601387,29.80419767786888,127.44899659546941,False
2010-03-31,6,31.073118005455928,29.312822748571925,127.43644019819384,False
2010-04-30,6,-5.677009503293036,28.6255104497377,127.42388380091826,False
2010-05-31,6,-53.91114139490341,30.923991067136907,127.41132740364269,False
2010-06-30,6,-22.18125259368252,31.167965285253327,127.39877100636711,False
2010-07-31,6,13.295696192065728,31.505056828973196,127.38328520676151,False
2010-08-31,6,-60.83407435790148,35.08316971748798,127.36779940715591,False
2010-09-30,6,23.987923643578,36.29220144343593,127.35231360755031,False
2010-10-31,6,25.619944992114483,36.83425359201899,127.33682780794473,False
2010-11-30,6,34.8093463878832,37.35609297749667,127.32134200833912,False
2010-12-31,6,30.837158085397505,33.985519126930974,127.30585620873353,False
2011-01-31,6,50.98684141765869,35.94899206635787,127.29037040912793,False
2011-02-28,6,18.326195093115665,35.653082048552875,127.27488460952233,False
2011-03-31,6,28.53828307119819,35.50595027508248,127.25939880991673,False
2011-04-30,6,-17.434342837339127,36.04518946061013,127.24391301031113,False
2011-05-31,6,-36.10292201175364,33.64058092572627,127.21779370188197,False
2011-06-30,6,0.8024444033750576,32.430365078491555,127.19167439345279,False
2011-07-31,6,-55.4702451257941,37.37803943020828,127.1655550850236,False
2011-08-31,6,-65.48362031117917,38.124154589411916,127.13943577659444,False
2011-09-30,6,-23.76178317166507,38.25851483541046,127.11331646816527,False
2011-10-31,6,25.29395447140531,38.23824180166242,127.08719715973609,False
2011-11-30,6,8.035291277027804,36.72786193033197,127.06107785130692,False
2011-12-31,6,-48.931062267918236,37.27087278424624,127.03495854287773,False
2012-01-31,6,0.3021454466498561,32.324348140698774,127.00883923444857,False
2012-02-29,6,9.880185164202633,31.645494237046414,126.98271992601939,False
2012-03-31,6,13.32917215957101,30.02705176340137,126.89711470968994,False
2012-04-30,6,-5.915628028155068,30.153729649437746,126.81150949336046,False
2012-05-31,6,-49.71607893562439,31.26229042442578,126.72590427703099,False
2012-06-30,6,23.83655555057223,33.04219517334285,126.64029906070155,False
2012-07-31,6,-35.893532045394785,31.245687400779648,126.55469384437207,False
2012-08-31,6,9.529910551105035,26.860175636921966,126.46908862804263,False
2012-09-30,6,11.67541180128399,26.69750696682849,126.38348341171314,False
2012-10-31,6,13.923468412048535,25.77971412793757,126.29787819538367,False
2012-11-30,6,-8.10278044637223,25.505048619075456,126.21227297905423,False
2012-12-31,6,9.117941007271769,21.74855886675936,126.12666776272475,False
2013-01-31,6,42.06521626322827,25.01446541888086,126.0536882060264,False
2013-02-28,6,-27.091978845559144,26.30804924079486,125.980708649328,False
2013-03-31,6,-11.216961240398481,26.108040541392604,125.90772909262961,False
2013-04-30,6,-3.9933230384853373,26.089835372072553,125.83474953593125,False
2013-05-31,6,48.45313189123081,25.196685449793527,125.76176997923285,False
2013-06-30,6,46.82518393691324,27.447395232896554,125.6887904225345,False
2013-07-31,6,-4.33526678999964,24.183395969279918,125.6158108658361,False
2013-08-31,6,30.93669981073823,24.879163712756885,125.54283130913771,False
2013-09-30,6,-12.340378316613007,25.884400898848185,125.46985175243935,False
2013-10-31,6,-9.073233154723834,26.44136375743372,125.39687219574095,False
2013-11-30,6,10.249167057167798,25.923410918927672,125.33181042599428,False
2013-12-31,6,44.642885014033034,27.779700553059058,125.26674865624757,False
2014-01-31,6,-40.49287408724808,30.038537143409837,125.20168688650085,False
2014-02-28,6,1.8159578314115465,28.24491289544492,125.13662511675417,False
2014-03-31,6,16.495316543804346,27.61609954898301,125.07156334700747,False
2014-04-30,6,0.45501178635855793,27.429206166048957,125.00650157726079,False
2014-05-31,6,-16.58921863744196,25.76034245248978,124.94143980751407,False
2014-06-30,6,8.9873949154404,22.362629481943785,124.87637803776735,False
2014-07-31,6,1.7383624750209108,22.26081683103452,124.81131626802069,False
2014-08-31,6,-21.62323916642111,21.434559736296876,124.74625449827397,False
2014-09-30,6,13.579779451957231,21.52790242148654,124.66459770612478,False
2014-10-31,6,-14.053340305655965,21.783055181636612,124.58294091397555,False
2014-11-30,6,-16.179983448642314,22.035060309378434,124.50128412182632,False
2014-12-31,6,-3.106681508007052,16.510986765651865,124.41962732967713,False
2015-01-31,6,-51.5576776539196,18.780700707130116,124.3379705375279,False
2015-02-28,6,23.836292786016404,20.66633236014522,124.2563137453787,False
2015-03-31,6,-3.4682840387060785,19.567483076915106,124.17465695322946,False
2015-04-30,6,24.379031181841906,21.4669359276163,124.09300016108023,False
2015-05-31,6,7.631837830493384,21.365858661506973,124.01134336893104,False
2015-06-30,6,23.48898973551609,22.456111918048872,123.9296865767818,False
2015-07-31,6,-14.268290129382963,22.734330479331124,123.84206959908417,False
2015-08-31,6,10.618656368362645,22.18174773154992,123.75445262138663,False
2015-09-30,6,-10.577776266420173,21.9395882721208,123.666835643689,False
2015-10-31,6,6.3974273994414474,21.70599016647448,123.57921866599136,False
2015-11-30,6,5.3010455267364565,21.15001404610202,123.49160168829374,False
2015-12-31,6,14.020523504545283,21.383352376370517,123.4039847105961,False
2016-01-31,6,-45.949754205228004,20.106145894317642,123.31636773289857,False
2016-02-29,6,-18.367388068588063,19.906290971184333,123.22875075520093,False
2016-03-31,6,12.196843954830674,20.174740989605745,123.1411337775033,False
2016-04-30,6,18.962235622230654,19.664068878044976,123.05351679980566,False
2016-05-31,6,-3.367881213165308,19.572195131243568,122.97756562736392,False
2016-06-30,6,-46.24396627878125,22.109986533990213,122.90161445492225,False
2016-07-31,6,2.7519778443266687,22.07304210159019,122.8256632824805,False
2016-08-31,6,11.234817174384515,22.112145218351728,122.74971211003876,False
2016-09-30,6,-4.840148439152174,22.02995306889414,122.67376093759701,False
2016-10-31,6,39.652214749755316,25.304022631181844,122.59780976515526,False
2016-11-30,6,30.95298337697942,26.935970152855575,122.5218585927136,False
2016-12-31,6,5.619493052919904,26.672319461049003,122.44590742027185,False
2017-01-31,6,28.12395283813432,23.385614500555665,122.3699562478301,False
2017-02-28,6,-22.58196736191998,23.81886114613063,122.29400507538836,False
2017-03-31,6,20.993838835685306,24.158585449767955,122.22599804679939,False
2017-04-30,6,-9.987844699311214,24.27573971754534,122.15799101821051,False
2017-05-31,6,0.4594027725209325,24.189984319879326,122.08998398962154,False
2017-06-30,6,45.54457159292516,20.914682103748873,122.02197696103258,False
2017-07-31,6,9.015871860067476,20.73134816658855,121.95396993244361,False
2017-08-31,6,-19.602096262738268,22.761406144921892,121.88596290385465,False
2017-09-30,6,38.50228072238941,23.568659924031504,121.81795587526577,False
2017-10-31,6,-2.6866638568944445,22.506768719557943,121.7499488466768,False
2017-11-30,6,13.229484552322418,21.595847748562285,121.68194181808784,False
2017-12-31,6,19.3426385311588,21.769804709347376,121.61393478949887,False
2018-01-31,6,46.58443562614483,23.728818260509943,121.5759268512844,False
2018-02-28,6,6.085181767357696,21.296589565546086,121.53791891306994,False
2018-03-31,6,-7.819353283837103,22.042288290239,121.49991097485547,False
2018-04-30,6,21.644512333571356,21.103135855851896,121.46190303664098,False
2018-05-31,6,-14.220298289107367,22.3596090858169,121.4238950984265,False
2018-06-30,6,7.372893592426763,19.881813212633734,121.38588716021202,False
2018-07-31,6,21.069468565482474,20.142071912311366,121.34787922199757,False
2018-08-31,6,-2.4009238599447364,18.31128185351016,121.3098712837831,False
2018-09-30,6,31.478887032506645,17.488811401171755,121.2718633455686,False
2018-10-31,6,-2.1605827809617923,17.45024997954038,121.23385540735413,False
2018-11-30,6,-11.707936596616756,18.690269332645933,121.1991959397142,False
2018-12-31,6,-25.10557379432804,20.86323279288604,121.16453647207432,False
2019-01-31,6,-3.1629013481430825,16.53885445278532,121.12987700443439,False
2019-02-28,6,11.43688497967374,16.737167512365414,121.09521753679446,False
2019-03-31,6,-38.81625766037853,20.412715959123567,121.06055806915452,False
2019-04-30,6,16.963679964075165,19.993993906398554,121.0258986015146,False
2019-05-31,6,-34.69860290406827,22.017776557772912,120.99123913387471,False
2019-06-30,6,-12.354144563358261,21.951790861419507,120.95657966623479,False
2019-07-31,6,-4.8591884444117595,20.473102114030397,120.92192019859486,False
2019-08-31,6,-44.03224729490446,23.112759922152147,120.88726073095494,False
2019-09-30,6,27.510311782771,22.489152397370276,120.88466371681666,False
2019-10-31,6,18.076088818051442,23.854468934364476,120.88206670267839,False
2019-11-30,6,18.17904641086048,25.009471356654636,120.8794696885401,False
2019-12-31,6,20.863869790842188,25.319851523892755,120.87687267440182,False
2020-01-31,6,-37.1889227322801,27.28203533938029,120.87427566026355,False
2020-02-29,6,-40.755440919134806,28.569023638115826,120.87167864612528,False
2020-03-31,6,-35.449889874954,28.267342588337353,120.869081631987,False
2020-04-30,6,-10.371442612941673,27.062435777619875,120.86648461784871,False
2020-05-31,6,2.9546783707250643,26.268584330441918,120.86388760371044,False
2020-06-30,6,-3.760115289308235,26.259771114247997,120.86129058957216,False
2020-07-31,6,-7.322434418748107,26.247705317406485,120.73624335977061,False
2020-08-31,6,21.734881355474908,24.775728221668466,120.6111961299692,False
2020-09-30,6,-8.189820696592902,22.971031376151448,120.48614890016763,False
2020-10-31,6,3.669528426697911,22.00569772943462,120.36110167036608,False
2020-11-30,6,8.519841898694526,21.190325803424173,120.23605444056453,False
2020-12-31,6,0.09170043058417517,19.47675722326637,120.11100721076298,False
2021-01-31,6,11.589261979658632,18.060756133441796,119.98595998096157,False
2021-02-28,6,50.36727933153221,20.54279300263295,119.86091275116,False
2021-03-31,6,4.801149658594757,16.641792688422736,119.73586552135845,False
2021-04-30,6,5.612347674553084,15.816346138452133,119.6108182915569,False
2021-05-31,6,2.2024250427405136,15.83750041831059,119.54687984177966,False
2021-06-30,6,6.0093890297044865,15.455750290884486,119.48294139200249,False
2021-07-31,6,-20.70570501238372,17.07970447586447,119.41900294222525,False
2021-08-31,6,11.399163801697682,16.5286126376735,119.35506449244801,False
2021-09-30,6,35.05482301643295,17.75559125435388,119.29112604267075,False
2021-10-31,6,43.673167966661794,20.08522857304898,119.22718759289351,False
2021-11-30,6,-26.969113886090796,23.209617083600676,119.16324914311635,False
2021-12-31,6,23.93452837021104,23.280407710111756,119.0993106933391,False
2022-01-31,6,62.65743090760933,27.44442345843354,119.03537224356187,False
2022-02-28,6,30.529342480475723,25.765227897820477,118.97143379378463,False
2022-03-31,6,104.67178905672303,36.22923207779593,118.89410176540137,False
2022-04-30,6,71.58932200872654,38.2708259332898,118.81676973701822,False
2022-05-31,6,17.881266798100672,37.54582518581823,118.73943770863497,False
2022-06-30,6,71.2683768604232,38.4733678894023,118.66210568025171,False
2022-07-31,6,-65.57309453422017,45.88873705116624,118.58477365186846,False
2022-08-31,6,157.10745941940567,57.77391296998762,118.50744162348522,False
2022-09-30,6,151.01659310442452,65.37308749621255,118.43010959510205,False
2022-10-31,6,-1.797774213972372,67.28326092950107,118.3527775667188,False
2022-11-30,6,-23.67356219066963,66.94779297881824,118.27544553833556,False
2022-12-31,6,78.54228054669117,66.87326105205683,118.19811350995231,False
2023-01-31,6,-42.65732984867493,72.39095342562909,118.1948042519297,False
2023-02-28,6,95.94406960082496,73.59420463673212,118.19149499390707,False
2023-03-31,6,-78.73599185604135,80.22448119633734,118.18818573588446,False
2023-04-30,6,9.671683151102483,79.71055998896244,118.18487647786183,False
2023-05-31,6,50.83656306693967,79.79456669781834,118.18156721983922,False
2023-06-30,6,75.4015263357753,79.98113448273875,118.17825796181661,False
2023-07-31,6,2.954713920933537,74.49610855562617,118.17494870379399,False
2023-08-31,6,0.10270662114229297,65.17721631977987,118.17163944577138,False
2023-09-30,6,46.124398382963086,52.81678317486457,118.16833018774875,False
2023-10-31,6,-3.813553877446431,52.88768104824694,118.16502092972614,False
2023-11-30,6,-75.28994947145003,58.36162099585064,118.0912608850915,False
2023-12-31,6,-93.84217098068063,61.9372717789016,118.01750084045693,False
2024-01-31,6,39.01403406257894,61.441888039930085,117.9437407958223,False
2024-02-29,6,64.79005983643026,57.834212670182765,117.86998075118765,False
2024-03-31,6,-22.85560776022002,52.66443775215232,117.79622070655302,False
2024-04-30,6,65.28008492107968,55.23209270847568,117.72246066191836,False
2024-05-31,6,1.1381372975907524,53.93535863285313,117.64870061728381,False
2024-06-30,6,-32.04003785173707,50.58864043973831,117.57494057264917,False
2024-07-31,6,-58.3837567622326,53.21607811927351,117.50118052801452,False
2024-08-31,6,-32.55637150935949,53.718696089398925,117.42742048337988,False
2024-09-30,6,-36.24907515873416,51.30784997727024,117.41800287124127,False
2024-10-31,6,63.556595888853906,56.1485145329494,117.40858525910267,False
2024-11-30,6,-25.45118772692007,52.593554483746885,117.39916764696406,False
2024-12-31,6,28.93048838805699,45.31170047957617,117.38975003482545,False
2025-01-31,6,-3.9562201945085307,44.024243709582095,117.38033242268685,False
2025-02-28,6,-24.699402010698748,39.59617476418699,117.37091481054823,False
2025-03-31,6,12.265812003203708,39.57054365986212,117.36149719840964,False
2025-04-30,6,-46.236206141391335,34.74635542610911,117.35207958627103,False
2025-05-31,6,36.71697749862555,37.45670783165238,117.34266197413241,False
2025-06-30,6,-8.546530084300192,36.79918254663007,117.3332443619938,False
2025-07-31,6,31.052360829855598,34.63476675871126,117.31935904227291,False
2025-08-31,6,-5.436167451996465,33.20317792042188,117.30547372255202,False
2025-09-30,6,1.8084048280371718,30.9784789622261,117.29158840283112,False
2025-10-31,6,-16.10707581366493,25.305709907961738,117.27770308311023,False
2025-11-30,6,5.466912372025946,24.211067661175626,117.26381776338933,False
2025-12-31,6,30.63394633988331,24.39441222664957,117.24993244366843,False
2026-01-31,6,2.84938304120317,24.34573913286056,117.23604712394754,False
2026-02-28,6,-34.23916468236445,25.416480279096227,117.22216180422664,False
2026-03-31,6,114.84176260311237,41.66147631345045,117.20827648450575,False
2026-04-30,6,19.70276653272902,37.82837398220646,117.19439116478485,False
2026-05-31,6,-21.988883058125438,38.53912251189475,117.14594078699515,False
2026-06-30,6,-0.64710315866839,38.25992550658515,117.09749040920553,False
2026-07-31,6,56.611298475154946,40.162401063258606,117.04904003141584,False
2026-08-31,6,25.503408373305003,39.877980092777655,117.00058965362615,False
