date,rmse_ours_bp,rmse_bbk_bp,lam1_ours,lam2_ours,lam1_bbk,lam2_bbk,lam_gap_ours,lam_gap_bbk,beta_diff_max,swapped,bbk_lam_outside_grid
1997-08-31,2.9913388371119124e-08,0.0,0.4627969839481625,0.49224178709905586,0.4823042568173707,0.4925453264836697,0.029444803150893373,0.010241069666299008,0.003430752207293616,True,False
1997-09-30,8.483536526652406e-06,0.0,0.3375659517050468,0.33756744837070385,0.34615491124588077,0.3538532853508279,1.496665657074736e-06,0.007698374104947114,20.05328819177157,False,False
1997-10-31,0.014187278607801368,0.0,0.2,0.4450075895479044,0.2737243759768539,0.4926496669688251,0.24500758954790441,0.21892529099197122,0.021631317703883067,True,False
1997-11-30,0.6119721506372942,0.0,0.2,0.20000001402345513,0.13231923868802828,0.5155728788042834,1.4023455119360762e-08,0.38325364011625507,67674.22419095621,True,True
1997-12-31,3.11032733648984e-05,0.0,0.2983108974707396,0.3948396273064261,0.30349289978360955,0.40723576507383186,0.0965287298356865,0.10374286529022231,0.004942427453972538,True,False
1998-01-31,1.4180981276242826,0.0,0.21500975333354905,1.4553374874838982,0.07232577263814764,0.4092373044357232,1.2403277341503491,0.33691153179757555,0.03698180064471964,True,True
1998-02-28,4.427972542152575e-07,0.0,0.25225985546818064,0.2915452169959778,0.2546959567016874,0.2975145633378754,0.03928536152779716,0.04281860663618803,0.0023629352540277017,True,False
1998-03-31,0.037541831270887796,0.0,0.2940756979099261,0.2940774813091048,0.23332540026972418,0.7290064371268399,1.7833991787230552e-06,0.49568103685711573,1712.6155782202231,True,False
1998-04-30,0.04262818996447384,0.0,0.2,0.20538518500805017,0.13321486091702447,0.29900371960627187,0.005385185008050158,0.1657888586892474,0.4697426343542249,True,True
1998-05-31,0.2061067388791884,0.0,0.2,0.2000000118191301,0.12853321748205998,0.24306002853524736,1.1819130091295094e-08,0.11452681105318738,160105.42940078347,True,True
1998-06-30,0.06382254715102181,0.0,0.6543619501863893,1.5,0.6661515094993204,8.25082508250825,0.8456380498136107,7.58467357300893,0.1919503926375391,True,True
1998-07-31,0.016186338974705675,0.0,0.2,0.33782609765710037,0.19905884975834254,0.39202465051002405,0.13782609765710035,0.19296580075168152,0.013146379960155946,True,True
1998-08-31,0.10070641678796001,0.0,0.22099678048873483,1.0312573874930075,0.03750075470268839,0.6559527714004592,0.8102606070042727,0.6184520166977707,0.09829597261815295,False,True
1998-09-30,0.8922236388191332,0.0,0.2,0.20000000102938514,0.14495127462903346,7.088679379031686,1.0293851326892423e-09,6.943728104402653,717487.3544579102,False,True
1998-10-31,2.0528640233912663,0.0,0.2,1.4564437468124196,0.06268126638723358,0.7300069350658831,1.2564437468124197,0.6673256686786495,0.032522445115209825,False,True
1998-11-30,0.5830149931176739,0.0,0.2,0.8471128083619025,0.09062904715338695,0.5870404940532798,0.6471128083619024,0.4964114468998929,0.021591943765506338,False,True
1998-12-31,0.011903802525291498,0.0,0.2956065528962575,0.29560657885021335,0.03333333333333333,0.21745559556738517,2.5953955873347923e-08,0.18412226223405184,58146.7399824137,True,True
1999-01-31,0.6128883569373608,0.0,0.2,1.0906132423926609,0.1919124265215297,0.5786836105227828,0.8906132423926609,0.3867711840012531,0.015110959111655803,True,True
1999-02-28,0.1374988597691573,0.0,0.2,1.408839954422351,0.06945471795480859,8.291873963515755,1.2088399544223511,8.222419245560946,0.04845638430221018,False,True
1999-03-31,0.24739254444867767,0.0,0.2,0.7153705930539296,0.1286431747077227,0.6027255248232507,0.5153705930539296,0.474082350115528,0.016689651935895344,False,True
1999-04-30,6.032756839795862e-07,0.0,0.29531015183655984,0.2978633496169414,0.2986055122577563,0.3013654870216953,0.002553197780381544,0.0027599747639390215,0.042257576415544895,True,False
1999-05-31,0.013383289796620167,0.0,0.23025231003146246,0.572473199756588,0.10437552644406149,0.49151401060687233,0.3422208897251255,0.3871384841628108,0.0369049514699691,False,True
1999-06-30,0.25607291173420094,0.0,0.2,0.2000000048383953,0.13606256701081423,0.23968227717337898,4.838395295525544e-09,0.10361971016256474,466862.6601396637,True,True
1999-07-31,0.0006226175693872996,0.0,0.2,0.2142335622743688,0.1971231842490691,0.21724725996893365,0.014233562274368783,0.020124075719864548,0.09178114942856438,True,True
1999-08-31,2.7614887575317063e-08,0.0,0.21026204109552044,0.23043137702468947,0.21029521241919408,0.23046519399407703,0.02016933592916903,0.02016998157488295,0.002219937328922811,True,False
1999-09-30,0.18729226597348117,0.0,0.2,0.2517953476447164,0.13141105245797804,0.4372636043638908,0.05179534764471638,0.30585255190591276,0.10770115292562334,True,True
1999-10-31,0.6176297225819947,0.0,0.2,0.20000001400177833,0.10717642633067571,0.5444043399913984,1.4001778320116287e-08,0.43722791366072267,494086.706563886,True,True
1999-11-30,0.9694262432031125,0.0,0.2,0.20000001247458998,0.11155522485628899,0.556808374397951,1.247458997211126e-08,0.44525314954166195,602780.859899856,True,True
1999-12-31,0.2361251087196031,0.0,0.2,0.34473238362375436,0.16756453329088364,0.5646399855452164,0.14473238362375435,0.39707545225433283,0.049554960076648565,True,True
2000-01-31,0.336874007036207,0.0,0.2,0.22869813868142233,0.10532202736476914,0.468937575030012,0.02869813868142232,0.36361554766524284,0.23905741005426231,True,True
2000-02-29,0.2650891276261561,0.0,0.2,0.24888155107669258,0.11019344459198123,0.4834561311906558,0.048881551076692564,0.37326268659867456,0.11035706551258923,True,True
2000-03-31,0.17624602917485782,0.0,0.2,0.22516833855373997,0.12032709718097677,0.4454819223435913,0.025168338553739955,0.3251548251626145,0.17853300574219327,True,True
2000-04-30,3.3167259611093654e-12,0.0,0.39361288851194576,1.4897357208869342,0.39370078740157477,1.4897357208831155,1.0961228323749883,1.0960349334815407,4.999778025952248e-06,False,False
2000-05-31,0.01837555986017205,0.0,0.39112440319884106,1.2091605928410234,0.48568916864585,2.1537798836958864,0.8180361896421824,1.6680907150500364,0.013783642533418143,True,True
2000-06-30,0.02210659094413884,0.0,0.40083076966920905,1.1751787510583793,0.4434609466117367,2.112110843577071,0.7743479813891703,1.668649896965334,0.01387585972123896,True,True
2000-07-31,0.0727532295881156,0.0,0.2,1.0962917681028286,0.3377864851627287,2.491528802072952,0.8962917681028286,2.153742316910223,0.013258987720969952,True,True
2000-08-31,0.0911406790138393,0.0,0.2,0.40144743971379565,0.176398264946666,0.5151426172335811,0.20144743971379564,0.33874435228691513,0.0092455796745948,True,True
2000-09-30,0.6302506211038202,0.0,0.2,0.20000000541171914,0.14886933738257932,0.15955859709699088,5.411719128378678e-09,0.010689259714411564,492694.18426995625,True,True
2000-10-31,1.0696282272597906,0.0,0.2,0.20000000762374048,0.038631248507868025,2.3732111920639816,7.623740472251228e-09,2.3345799435561134,205854.8915472422,False,True
2000-11-30,0.21310537492363718,0.0,0.2,0.5929431053532019,0.12444776305145913,0.3764805096040178,0.3929431053532019,0.2520327465525587,0.009632779437853766,False,True
2000-12-31,0.9024756108121147,0.0,0.2,1.2359735670586356,0.14220624456061115,0.8801577242641881,1.0359735670586356,0.737951479703577,0.005620498928901735,False,True
2001-01-31,0.19079515147123335,0.0,0.2,1.4626239888102472,0.22710755813953487,1.1052654847694416,1.2626239888102473,0.8781579266299068,0.011057656333842925,True,False
2001-02-28,0.7760889339293225,0.0,0.2,1.352393812775819,0.16038235152603808,1.041297873669742,1.152393812775819,0.8809155221437039,0.007308399650152529,False,True
2001-03-31,1.3099818054273672e-10,0.0,0.2231500304684985,1.2369195755948754,0.22315003045997914,1.2369195754892017,1.0137695451263768,1.0137695450292226,1.6186080253888235e-12,False,False
2001-04-30,0.18548143979825507,0.0,0.2,0.6286193590787663,0.18562070636103598,0.4930066999610525,0.4286193590787663,0.3073859936000165,0.009951833402492945,True,True
2001-05-31,5.084768355006575e-11,0.0,0.28644020702297696,0.7492432642610736,0.28644020703898165,0.7492432643030539,0.4628030572380966,0.4628030572640722,2.08396147560741e-12,False,False
2001-06-30,0.014980161865597186,0.0,0.2,0.45037681876737934,0.3177579002557951,0.47948062658528284,0.2503768187673793,0.16172272632948775,0.014234990076561049,False,False
2001-07-31,0.00437224656031788,0.0,0.44235436510741044,1.413481283878294,0.4394735107341405,11.981787682722262,0.9711269187708835,11.54231417198812,0.009666874157373847,False,True
2001-08-31,7.948552562749907e-11,0.0,0.2609780412969054,0.7975308444942643,0.2609780413076044,0.7975308445054112,0.5365528031973589,0.5365528031978068,1.1954014167425697e-12,False,False
2001-09-30,1.2554391188700924e-10,0.0,0.2984415382604453,0.9109293300118363,0.29844153828706493,0.9109293301025707,0.612487791751391,0.6124877918155058,4.679593518241987e-12,False,False
2001-10-31,2.0451173673556345e-10,0.0,0.21522455455927975,1.0087051252934094,0.21522455453897826,1.0087051252307413,0.7934805707341297,0.793480570691763,3.7670318253635315e-12,False,False
2001-11-30,0.20535782125710234,0.0,0.22168541899214572,1.310841772951413,0.30137002814796066,0.9152145262849611,1.0891563539592672,0.6138444981370005,0.01825660095887611,True,False
2001-12-31,0.06864692480926209,0.0,0.2873775538110792,1.3977221017661343,0.6111087345771433,1.4747739908858968,1.110344547955055,0.8636652563087535,0.03521705579806619,True,False
2002-01-31,0.1949876788947039,0.0,0.46781373960240824,0.4678137396024434,0.4444444444444444,1.5706970753620457,3.5138558729386205e-14,1.1262526309176013,69335023813.1443,True,True
2002-02-28,0.5705447078573109,0.0,0.2893525447925898,0.2893525527054659,0.3199764497332996,1.1322079186621832,7.912876076598963e-09,0.8122314689288836,203153.30202862146,True,False
2002-03-31,0.027306637383450325,0.0,0.26252946134090444,0.4634335515609735,0.2572704632926503,0.9208357505271784,0.20090409022006905,0.6635652872345281,0.032734523443497296,True,False
2002-04-30,0.22771347326274097,0.0,0.24021213414264436,0.24021459482360039,0.17512613459844453,0.7453897643077565,2.4606809560234755e-06,0.570263629709312,1224.680110078933,True,True
2002-05-31,0.000901390047887978,0.0,0.44315172472182,0.7809435829172973,0.45939837189217003,1.175226231049477,0.33779185819547725,0.715827859157307,0.018635328384181037,True,False
2002-06-30,0.17269462897142693,0.0,0.2,0.37261967329519396,0.4543451296473828,1.1954143903984316,0.17261967329519395,0.7410692607510487,0.02535259811914934,True,False
2002-07-31,0.0006396440067326893,0.0,0.4669837304521729,0.7798100391916208,0.4816190104655811,0.7329551284870339,0.31282630873944794,0.25133611802145284,0.006155940192548944,True,False
2002-08-31,0.319700884382,0.0,0.2264468756563454,1.1589754939856687,0.24963490894566698,0.7505929684450716,0.9325286183293233,0.5009580594994046,0.013224799822890404,True,False
2002-09-30,2.0492431672102251e-10,0.0,0.3452025476319839,1.2032535980338483,0.34520254759480123,1.2032535977282572,0.8580510504018645,0.858051050133456,6.154042553330186e-12,False,False
2002-10-31,0.04620241156553544,0.0,0.39526812553405716,1.5,0.38735067631428083,1.413647351531687,1.104731874465943,1.026296675217406,0.0015004135997245295,False,False
2002-11-30,7.799144662759129e-11,0.0,0.4965563822018022,0.6283972735601153,0.49655638149433684,0.6283972727558362,0.13184089135831312,0.1318408912614994,2.0725343663485774e-10,False,False
2002-12-31,0.009571192109336733,0.0,0.41747867158883156,1.0024090712212956,0.4398968881694131,0.9096035947534065,0.5849303996324641,0.4697067065839934,0.011533504856748575,True,False
2003-01-31,7.53832913743407e-11,0.0,0.4391955693943101,1.2243948428998264,0.43919556939509596,1.224394842848922,0.7851992735055162,0.785199273453826,9.976672266098774e-13,False,False
2003-02-28,2.6652530373383194e-05,0.0,0.49793445005350956,0.4979351410730639,0.49919629396671367,10000.0,6.910195543552433e-07,9999.500803706032,87.76313292764311,False,True
2003-03-31,7.230037454392213e-11,0.0,0.334536549803062,1.1172560192742942,0.3345365497907474,1.1172560192168035,0.7827194694712322,0.7827194694260562,2.209916277751134e-12,False,False
2003-04-30,1.1432794201631518e-10,0.0,0.48401304953045304,0.605121751849415,0.48401304899180086,0.6051217504961999,0.12110870231896192,0.12110870150439901,3.095986245149618e-10,False,False
2003-05-31,3.063255598227518e-05,0.0,0.43146081419740245,0.48604292091423695,0.4851872337535055,10000.0,0.0545821067168345,9999.514812766247,0.05095060231325484,False,True
2003-06-30,3.123023458108061e-05,0.0,0.39166717518393224,0.5033749812087163,0.3972920573371897,0.5,0.11170780602478403,0.1027079426628103,0.004827336980977719,True,False
2003-07-31,0.20997285460363832,0.0,0.3391245742561294,1.5,0.4074697351854191,1.1494781369258358,1.1608754257438707,0.7420084017404167,0.028703889129406232,True,False
2003-08-31,0.040514535820774016,0.0,0.2480733764771768,1.5,0.26851981139168446,1.7873420436468925,1.2519266235228232,1.518822232255208,0.003436399596701097,False,True
2003-09-30,4.760660699464839e-07,0.0,0.45161935509078033,0.5007575679675984,0.45267303426734873,0.5,0.04913821287681808,0.04732696573265127,0.0019802267516804764,True,False
2003-10-31,0.11588053583784617,0.0,0.2762166126286789,1.5,0.2746151268996501,1.6682515055969838,1.223783387371321,1.3936363786973336,0.0016928250726394919,False,True
2003-11-30,1.6212143518903743e-10,0.0,0.3935830227857323,0.6645092295307584,0.3935830224027456,0.6645092267106129,0.2709262067450261,0.27092620430786724,6.422725459115375e-11,False,False
2003-12-31,7.604385162523523e-05,0.0,0.3940338974991837,0.547279779566437,0.4185273695973348,0.5379409771159909,0.15324588206725331,0.1194136075186561,0.006815526429378795,True,False
2004-01-31,1.736567123153493e-10,0.0,0.44312884269225017,0.5977607872178815,0.44312884414272297,0.5977607880878231,0.15463194452563134,0.1546319439451001,2.8282221703479493e-10,False,False
2004-02-29,1.0910656763982882e-10,0.0,0.48394277873485136,0.5998224532061812,0.48394277860585766,0.599822452554044,0.11587967447132985,0.11587967394818632,9.125641908802606e-11,False,False
2004-03-31,7.227799524671981e-11,0.0,0.500000000987175,0.5536638724470484,0.5,0.5536638706641198,0.05366387145987339,0.05366387066411982,1.0381923862268216e-09,False,False
2004-04-30,0.1481814625729423,0.0,0.2,1.295030532323573,0.17811659512316763,1.464965353569388,1.095030532323573,1.2868487584462205,0.003921322458351103,False,True
2004-05-31,1.42864481034431e-08,0.0,0.4458885911318482,0.44691842447453967,0.44523795742634653,0.4467975783571253,0.0010298333426914663,0.0015596209307787712,0.003680142815163491,False,False
2004-06-30,2.4056062796151066e-08,0.0,0.2637113458532354,0.2669558981617551,0.26461536833136196,0.2673189248432843,0.003244552308519666,0.0027035565119223337,0.0006993879431812342,False,False
2004-07-31,0.573688270450058,0.0,0.2538059906616761,1.4858814664488196,0.18842291901017671,0.5348423017473298,1.2320754757871435,0.3464193827371531,0.011733834879558262,True,True
2004-08-31,0.688151048620759,0.0,0.21357959246507147,1.3524625882782084,0.21554418440236062,0.6729339246179418,1.138882995813137,0.45738974021558115,0.019245198561324388,True,False
2004-09-30,0.04421497872431571,0.0,0.2,0.6959807060182852,0.31176831872698757,3.5558084130427057,0.4959807060182852,3.244040094315718,0.01563339816118594,False,True
2004-10-31,0.00028609457704303025,0.0,0.33787789210392083,0.5219260094517331,0.3481821410416217,0.5,0.18404811734781223,0.1518178589583783,0.007058727220572216,True,False
2004-11-30,8.657739494592618e-11,0.0,0.4248449333706215,0.48141034116033204,0.424844931599966,0.4814103397312767,0.05656540778971053,0.056565408131310724,9.009485709560172e-10,False,False
2004-12-31,0.001507049741047766,0.0,0.2,0.24949120896385632,0.1331974719119831,0.2546700113328155,0.04949120896385631,0.12147253942083241,0.005223059749349017,True,True
2005-01-31,3.5309685416157e-05,0.0,0.34212014349960507,0.41873743722647605,0.3574888552849365,0.4164150825542901,0.07661729372687098,0.05892622726935359,0.0028912020306890926,True,False
2005-02-28,0.07095247438746202,0.0,0.591840429558305,0.5918537061896126,0.5154745458669251,1.7097816608819054,1.327663130767931e-05,1.1943071150149804,416.4429885697893,True,True
2005-03-31,0.3861703590477489,0.0,0.2,0.20000001231120607,0.11887864154998729,10000.0,1.2311206054604895e-08,9999.88112135845,108507.47285980919,False,True
2005-04-30,0.011394023512607172,0.0,0.41526592302265386,1.5,0.4174267311730108,1.6108247422680413,1.0847340769773461,1.1933980110950304,0.00042964843707855686,False,True
2005-05-31,0.0013522979472597699,0.0,0.21156028779596375,0.5377820309579934,0.2953529172007632,0.5135289193810949,0.3262217431620296,0.21817600218033173,0.014945279189710782,True,False
2005-06-30,9.795112198759135e-08,0.0,0.5006771101280285,0.5033691475353608,0.5011476280682764,0.5035424209312513,0.0026920374073322595,0.002394792862974948,0.0033717026377854684,True,False
2005-07-31,0.0015587028632438617,0.0,0.25044665948550343,0.529024245208408,0.2809115016405232,0.4943569158060737,0.27857758572290453,0.21344541416555052,0.008964200824070439,True,False
2005-08-31,0.03393037803679948,0.0,0.2,0.26800857426277164,0.15482560443915974,0.30517578125,0.06800857426277163,0.15035017681084026,0.022938325073711036,True,True
2005-09-30,0.10084991643846618,0.0,0.38935961447147094,0.38935961448990636,0.18295683865219356,0.19876803571464066,1.8435419857354418e-11,0.015811197062447102,81808854.59087557,False,True
2005-10-31,1.3925911708742113e-05,0.0,0.278613147233721,0.36317849582632283,0.28233513745486166,0.37690194142190026,0.08456534859260184,0.09456680396703859,0.0034379849484761885,True,False
2005-11-30,0.02353213702768104,0.0,0.2,0.7548354707367955,0.19652813398502061,14.801657785671996,0.5548354707367955,14.605129651686974,0.0038747075745930826,False,True
2005-12-31,0.20479238992380036,0.0,0.2,0.737711401801517,0.18436510189859184,6.666666666666667,0.537711401801517,6.4823015647680755,0.018625417377938217,False,True
2006-01-31,0.0023023338473108558,0.0,0.38659485047800746,0.7226367777521427,0.4020375261826939,0.793090594738637,0.3360419272741353,0.3910530685559431,0.006567522616556364,True,False
2006-02-28,0.006813026304140394,0.0,0.41996655199031685,0.9343950286449823,0.45076517388266585,1.4275109918346371,0.5144284766546654,0.9767458179519712,0.012742784757841977,True,False
2006-03-31,0.008738803431980453,0.0,0.4492981578812188,1.0776401748023805,0.49546157200047564,1.8258170531312763,0.6283420169211618,1.3303554811308007,0.016251379533288417,True,True
2006-04-30,0.013410469333284457,0.0,0.30067240620738345,1.1939081568510896,0.5478731564068287,1.6081824322151104,0.8932357506437062,1.0603092758082817,0.020495470734231483,True,True
2006-05-31,0.012198278182968324,0.0,0.45567144462718784,1.111627395275009,0.4913063344125696,1.6849483563328784,0.6559559506478212,1.1936420219203088,0.015980693190688934,True,True
2006-06-30,0.015455416842698936,0.0,0.47229709420196325,1.2639216224939471,0.5277601857715853,2.137619973921036,0.7916245282919838,1.6098597881494507,0.018493459660626287,True,True
2006-07-31,0.021518677933267772,0.0,0.41235864442743,1.1503054190830242,0.4531407183186667,1.9506866416978776,0.7379467746555942,1.497545923379211,0.016046079346600208,True,True
2006-08-31,0.021196889610853045,0.0,0.43817806575264395,1.3338126167986983,0.47349381617076086,2.91536689892423,0.8956345510460544,2.441873082753469,0.014134398145622541,True,True
2006-09-30,0.017020204204764668,0.0,0.4221674814998999,1.383124714089035,0.451636504875416,4.337077677061196,0.9609572325891351,3.8854411721857804,0.008771687695252333,True,True
2006-10-31,0.011416416766953909,0.0,0.4330413481942694,1.4272811835297512,0.46991597902295074,11.402508551881414,0.9942398353354818,10.932592572858464,0.0265353474490674,True,True
2006-11-30,0.015117631965955333,0.0,0.39158721977783123,1.353391996212184,0.41498597347409655,8.514986376021799,0.9618047764343529,8.100000402547703,0.015528174080173271,True,True
2006-12-31,0.023182256930239575,0.0,0.34944400573867507,1.269872849134131,0.4013485310643763,3.567351598173516,0.9204288433954558,3.1660030671091395,0.0072367869475188475,True,True
2007-01-31,0.012213665775651729,0.0,0.4398113693158213,1.4049723425445555,0.48489315379356157,3.9178812098417173,0.9651609732287342,3.432988056048156,0.007953961513731393,True,True
2007-02-28,0.00687894150128224,0.0,0.4663403557247643,1.450871315016445,0.4854368932038835,5.193456245131135,0.9845309592916807,4.708019351927252,0.004703747311166685,True,True
2007-03-31,0.028223401168976023,0.0,0.319875305872113,1.1058380265017158,0.3455066855543655,2.426536604304676,0.7859627206296028,2.0810299187503105,0.007542443501857361,True,True
2007-04-30,0.029466975518595232,0.0,0.3224496460899801,1.1338679888132963,0.35725130843291714,2.6529421128030988,0.8114183427233161,2.2956908043701816,0.008344484035127954,True,True
2007-05-31,0.06696737863797274,0.0,0.23957858123732492,1.067927695731477,0.29507142203770426,3.438080176029705,0.828349114494152,3.1430087539920004,0.010039395281322295,True,True
2007-06-30,0.04518944134680238,0.0,0.2730156553671129,1.044281541678492,0.3323893475861886,2.290216196408941,0.7712658863113792,1.9578268488227526,0.010142855175156815,True,True
2007-07-31,0.014978169523952839,0.0,0.38996174101291725,1.3527119575974704,0.4129091930102732,11.235955056179776,0.9627502165845532,10.823045863169503,0.01747853690778168,True,True
2007-08-31,0.1508520576365213,0.0,0.3126607723622987,1.383191338218786,0.046872590455896875,4.015096763832008,1.0705305658564872,3.968224173376111,0.04447283767797012,True,True
2007-09-30,0.16384862908244446,0.0,0.29170885473489744,1.5,0.046710375121680525,5.457323728443572,1.2082911452651026,5.410613353321891,0.041671537912016984,True,True
2007-10-31,0.01900700997772711,0.0,0.24026399176573335,0.7171175804450816,0.22991888461750695,2.949417490045716,0.47685358867934824,2.719498605428209,0.013357278504027192,False,True
2007-11-30,0.061235522824734434,0.0,0.29609900016295426,1.0224001640447289,0.26809292100642085,4.148172729912473,0.7263011638817747,3.8800798089060526,0.03232733285294444,False,True
2007-12-31,0.9916877994066164,0.0,0.2,0.20000001804641548,0.06862862170393887,0.22320332483672675,1.8046415473094157e-08,0.15457470313278787,140503.01176145909,False,True
2008-01-31,0.009729838528386839,0.0,0.3643667452806277,1.0283730446437165,0.3729673280620618,0.9535979249709153,0.6640062993630889,0.5806305969088535,0.0045657787309890535,True,False
2008-02-29,2.9172261101743784e-10,0.0,0.4579530414074492,0.7516649377231648,0.4579530414951251,0.7516649378373097,0.2937118963157156,0.2937118963421846,1.9096873388191327e-11,False,False
2008-03-31,0.08376317455327821,0.0,0.2863704009498179,1.049208882844837,0.2637562048647194,4.548969658372378,0.762838481895019,4.285213453507659,0.03638562384956183,False,True
2008-04-30,0.5590154003325087,0.0,0.36543857788391176,1.5,0.05155601199811511,3.5260930888575457,1.1345614221160882,3.4745370768594306,0.08438548500532059,False,True
2008-05-31,0.06462696770280052,0.0,0.2884769729319663,1.1643253739431982,0.30806862536698676,7.49512816669165,0.875848401011232,7.187059541324663,0.0326773599626664,False,True
2008-06-30,0.07268499705922153,0.0,0.3084267413865474,1.2167700712259437,0.34289437138889367,8.21422704123542,0.9083433298393964,7.871332669846526,0.060365357421608846,True,True
2008-07-31,2.013054641883591,0.0,0.2,0.20000001058979716,0.10966595749347487,0.12773773909311315,1.058979715029551e-08,0.01807178159963828,346509.5381781912,False,True
2008-08-31,2.4478120490833235,0.0,0.2,0.20000001346286075,0.12353335029858012,0.14964459408903852,1.3462860742885496e-08,0.0261112437904584,431661.15541858785,False,True
2008-09-30,0.07219827814861733,0.0,0.4329918979966112,1.4460109791900453,0.48956971717557446,4.929508035098097,1.013019081193434,4.439938317922523,0.03913095154481143,True,True
2008-10-31,1.8567284927733396,0.0,0.2,0.2587097522697975,0.09722557110300466,3.7629350893697087,0.058709752269797466,3.665709518266704,0.17433615040487302,False,True
2008-11-30,1.962314982457862,0.0,0.2,0.20000001245058327,0.1475013275119476,0.1796060879279564,1.2450583258827308e-08,0.03210476041600879,739275.7073983101,True,True
2008-12-31,2.3824409479846635,0.0,0.2,0.20000000874779464,0.12567676940323644,0.14799160591611243,8.74779462756159e-09,0.022314836512875996,772831.3826822251,True,True
2009-01-31,2.044854392877781,0.0,0.2,0.20000001231120607,0.14254192157913642,0.16896572699193696,1.2311206054604895e-08,0.02642380541280054,684211.7679304762,True,True
2009-02-28,2.1375334518926774,0.0,0.2,0.20000001155905286,0.14600927450911683,0.1811607330487902,1.1559052853771234e-08,0.035151458539673386,876747.7901171995,True,True
2009-03-31,2.5278594326867583,0.0,0.2,0.20000000102062968,0.12457473300520348,0.14696524125079177,1.0206296641168677e-09,0.02239050824558829,7197484.48242846,True,True
2009-04-30,4.017497477579733,0.0,0.2,0.20000001055168826,0.03333333333333333,0.05621938151934003,1.055168824537489e-08,0.022886048186006695,798197.609548126,True,True
2009-05-31,1.8979106263812122,0.0,0.2,0.20000000427430656,0.09330081488931725,1.4547570555717195,4.274306547591422e-09,1.3614562406824022,1218771.5549385191,False,True
2009-06-30,2.99390005247948,0.0,0.2,0.20000000342236884,0.08993355708802336,2.708045603487963,3.422368832772804e-09,2.6181120463999394,1076223.0934333846,False,True
2009-07-31,3.5793896430845447,0.0,0.2,1.4999999999999998,0.08798386727809589,3.089661990978187,1.2999999999999998,3.001678123700091,0.07103254219629263,False,True
2009-08-31,2.2388431892988603,0.0,0.2,0.8604107756674108,0.0667579024667045,1.5951761872098775,0.6604107756674107,1.528418284743173,0.05183129572541178,True,True
2009-09-30,2.613095066682329,0.0,0.2,1.4066705689217769,0.0728030408374097,1.2158202531337767,1.206670568921777,1.143017212296367,0.04513257037157298,True,True
2009-10-31,3.4150730296365093,0.0,0.2,0.20000000255519573,0.09208857816156205,0.5713828607997075,2.5551957216762844e-09,0.47929428263814544,1256886.3944023321,False,True
2009-11-30,2.609650199939738,0.0,0.2,0.20000000103467705,0.08754972824564353,0.7002654005868224,1.0346770384916937e-09,0.6127156723411789,4048968.0157936895,False,True
2009-12-31,2.9622857974473313,0.0,0.2,0.2000000158328766,0.09573665526762223,0.5738123518846867,1.5832876593124823e-08,0.4780756966170645,257442.48957646717,False,True
2010-01-31,2.1767120536194313,0.0,0.2,0.20000000975557758,0.09625611827951815,0.6578471294840504,9.755577567993612e-09,0.5615910112045323,521503.22411603254,False,True
2010-02-28,1.3789359634130025,0.0,0.2,0.20000000158271336,0.09810307886702715,0.8907654347380705,1.5827133492685164e-09,0.7926623558710433,4454858.549595105,False,True
2010-03-31,1.297390758371073,0.0,0.2,0.22604638829406604,0.11051811999836433,0.9295580880849245,0.026046388294066025,0.8190399680865601,0.21469641896905792,False,True
2010-04-30,1.6079065694329486,0.0,0.2,0.3670998334241965,0.0973977275162216,0.6578947368421053,0.1670998334241965,0.5604970093258838,0.01729498757131189,True,True
2010-05-31,0.4840107780271474,0.0,0.2,0.410719479470815,0.14750981309031583,0.4777305886118582,0.21071947947081499,0.3302207755215424,0.025253033363391207,True,True
2010-06-30,1.6541298435000515e-06,0.0,0.2453815986028242,0.2974616356042419,0.24528019583170835,0.297350900824554,0.05208003700141767,0.05207070499284566,0.0028796287792354214,True,False
2010-07-31,0.5657175530883315,0.0,0.2,0.2707585150679075,0.12762183099040922,0.4528349733506618,0.07075851506790748,0.32521314236025256,0.09317554672729571,False,True
2010-08-31,0.6143512451176386,0.0,0.2,0.260275954531869,0.11537911268847177,0.45225130700627725,0.060275954531869014,0.33687219431780546,0.1134361400192464,False,True
2010-09-30,0.5980670163393451,0.0,0.2,0.20000000078297916,0.09407222677427275,0.3687818765834572,7.829791537350417e-10,0.27470964980918444,10234194.632428972,True,True
2010-10-31,0.8378175371848021,0.0,0.2,0.2354877600132631,0.09912777471032387,0.4843600151120325,0.03548776001326309,0.38523224040170867,0.2277594981230553,True,True
2010-11-30,0.6107912520794465,0.0,0.2,0.28165267545575967,0.13410776095023394,0.43675560466629687,0.08165267545575966,0.3026478437160629,0.09517615938892196,False,True
2010-12-31,0.9823177800263619,0.0,0.2,0.26412353381288833,0.11419162039051249,0.49798564805362305,0.06412353381288832,0.38379402766311055,0.12714288932028173,True,True
2011-01-31,1.119974895075875,0.0,0.2,0.20000001076960044,0.0969789129051779,0.518295843267337,1.0769600433668813e-08,0.4213169303621591,491458.4658158313,True,True
2011-02-28,1.9185582884154428,0.0,0.2,0.20000000947982668,0.1257542108797513,0.13872646332141672,9.47982667365288e-09,0.012972252441665416,632540.1279969983,True,True
2011-03-31,3.1191620513858274,0.0,0.2,0.20000000385221148,0.09326687757416581,6.302785831337451,3.8522114664818474e-09,6.209518953763285,812240.0046580847,False,True
2011-04-30,2.5984253284859027,0.0,0.2,0.20000002238290085,0.08650968043324048,5.885468777588135,2.238290083833583e-08,5.798959097154894,142211.65169193558,False,True
2011-05-31,1.1240908064400186,0.0,0.2,0.20000000882000052,0.08865295382776858,2.323474058412138,8.820000507725467e-09,2.2348211045843693,626418.0689814625,False,True
2011-06-30,2.5212063986379105,0.0,0.2,0.20000000852949004,0.12074203223329291,0.14372297109874774,8.529490030939613e-09,0.022980938865454825,755323.3460641749,False,True
2011-07-31,2.599921918469741,0.0,0.2,0.2000000146605262,0.13185932192662292,0.1623869583785987,1.4660526181931033e-08,0.030527636451975787,563538.2515677529,True,True
2011-08-31,1.9238232415568917,0.0,0.2,0.2827969364983154,0.08014792100300315,3.193357815743254,0.08279693649831538,3.113209894740251,0.14256492366327445,False,True
2011-09-30,2.487614829645607,0.0,0.2,0.2000000172221314,0.12247097437907216,0.14562103000666946,1.7222131387661932e-08,0.023150055627597296,379737.0258419886,False,True
2011-10-31,2.3860043560449076,0.0,0.2,0.20000002737852557,0.14206099246650558,0.17912896748271856,2.7378525557786304e-08,0.03706797501621298,370552.5002062727,True,True
2011-11-30,2.1051097981091638,0.0,0.2,0.20000001538297693,0.14667789241469947,0.18222271624825293,1.5382976920053082e-08,0.03554482383355345,659364.0209019732,True,True
2011-12-31,1.4064808703801146,0.0,0.2,0.20000001593274533,0.15901082545699713,0.20337480145535008,1.5932745317526198e-08,0.044363975998352956,764414.9188952259,True,True
2012-01-31,1.632907139622187,0.0,0.2,0.20000000001906876,0.15563790530056015,0.20382954957746133,1.906874658175184e-11,0.048191644276901174,686852942.6317068,True,True
2012-02-29,1.5068493174497168,0.0,0.2,0.20000001360260677,0.15733759613327122,0.20523303184600955,1.360260676319669e-08,0.04789543571273833,959572.7779653923,True,True
2012-03-31,1.5662368209858173,0.0,0.2,0.20000001421338903,0.15658445460851536,0.20403957551606708,1.4213389021300316e-08,0.04745512090755172,909687.2720568808,True,True
2012-04-30,1.824034632413262,0.0,0.2,0.20000000142642352,0.15303858102627674,0.20263013920690562,1.426423507089325e-09,0.04959155818062888,9392102.905736849,True,True
2012-05-31,1.5505891596611545,0.0,0.2,0.20000000254033717,0.1569804496548,0.20019699384194048,2.540337162848516e-09,0.04321654418714049,4684308.120155194,True,True
2012-06-30,2.1634719352154765,0.0,0.2,0.20000000438332782,0.14760104029213197,0.1897763675285044,4.383327811829929e-09,0.042175327236372434,2601562.9376555867,True,True
2012-07-31,0.8884253089569537,0.0,0.2,0.20000001387373403,0.16728338474509358,0.20581509983061416,1.3873734022729067e-08,0.038531715085520585,786660.9799801281,True,True
2012-08-31,0.5398673987054092,0.0,0.2,0.20000002059950603,0.17245393324308242,0.21192142801135053,2.0599506017626723e-08,0.03946749476826811,545316.1967387719,True,True
2012-09-30,1.848971271151886,0.0,0.2,0.20000002104761222,0.15211924932192844,0.19203736278930428,2.104761220866891e-08,0.03991811346737584,518493.18624538166,True,True
2012-10-31,0.7252820446560301,0.0,0.2,0.20000001535118703,0.16971647166244072,0.20873384139150328,1.535118701601057e-08,0.039017369729062557,718560.7223991819,False,True
2012-11-30,1.6862290323127733,0.0,0.2,0.20000001855913158,0.1546025169289756,0.195700077888631,1.855913156489919e-08,0.041097560959655416,600384.110402474,False,True
2012-12-31,1.394327368063268,0.0,0.2,0.2000000016759343,0.15927624872579,0.20057685904661807,1.675934280243041e-09,0.041300610320828074,6821466.524731043,False,True
2013-01-31,2.638538741255863,0.0,0.2,0.200000021116217,0.13147445977144478,0.16332583667742984,2.1116216997185688e-08,0.03185137690598505,390153.28638372733,False,True
2013-02-28,2.425179139028113,0.0,0.2,0.2000000022594681,0.14398785894373387,0.18828952149983902,2.2594680848531112e-09,0.044301662556105154,5173308.942175841,False,True
2013-03-31,2.597558409280162,0.0,0.2,0.20000000006116464,0.14175148130297963,0.18773137892452446,6.116462891725405e-11,0.045979897621544835,194943496.81935894,False,True
2013-04-30,2.7585978245833753,0.0,0.2,0.20000000285820418,0.13617540481543466,0.17608423869979398,2.8582041733393737e-09,0.03990883388435931,3533213.147050812,False,True
2013-05-31,2.6209034795487085,0.0,0.2,0.2000000110202439,0.1400717167189601,0.18235895902211832,1.1020243884107828e-08,0.04228724230315822,996730.9127249832,False,True
2013-06-30,2.0519991575319163,0.0,0.2,0.2000000113515531,0.1478539735016109,0.18483844195980503,1.1351553086402788e-08,0.03698446845819414,888736.0332110266,True,True
2013-07-31,2.3772973940283944,0.0,0.2,0.20000001291993436,0.14384142920844062,0.184929366228569,1.2919934344601813e-08,0.04108793702012839,851060.7448136179,True,True
2013-08-31,1.858132982290068,0.0,0.2,0.20000001571864184,0.15179436114307227,0.19112894131768113,1.571864183258498e-08,0.03933458017460886,686088.4180351829,True,True
2013-09-30,2.252618405010238,0.0,0.2,0.20000001736646594,0.1470888902290321,0.19385818498335727,1.7366465931978325e-08,0.046769294754325175,718913.655353507,True,True
2013-10-31,2.5843359790685736,0.0,0.2,0.2000000120267428,0.14172496286805972,0.18670057149044936,1.202674279610072e-08,0.04497560862238964,978279.5239487827,True,True
2013-11-30,2.290635348258212,0.0,0.2,0.20000001181859134,0.14669682753440774,0.19473969145443285,1.1818591327816819e-08,0.0480428639200251,1080925.500124374,True,True
2013-12-31,0.7829927491446911,0.0,0.2,0.2000000256867383,0.11253112892353846,0.29107929291018164,2.5686738291952338e-08,0.1785481639866432,449885.6730011341,True,True
2014-01-31,1.551914025098342,0.0,0.2,0.200000007923529,0.15685560970559773,0.20309970773952057,7.923528999587148e-09,0.04624409803392285,1601100.8016795416,True,True
2014-02-28,1.6696240354736454,0.0,0.2,0.20000001383227695,0.15500727759168292,0.19584111801777454,1.3832276934966359e-08,0.04083384042609162,806832.7487794957,False,True
2014-03-31,1.8879020809441263,0.0,0.2,0.2000000063413172,0.15176579502511722,0.19368359073882543,6.341317193570006e-09,0.04191779571370821,1788180.7112667277,False,True
2014-04-30,1.9430025663932395,0.0,0.2,0.20000001220675018,0.15062713608107356,0.19080182559186726,1.2206750166221525e-08,0.0401746895107937,890696.0958065231,True,True
2014-05-31,2.7208439269979823,0.0,0.2,0.20000001595364392,0.13852660334153874,0.18124971679731752,1.595364390594156e-08,0.04272311345577878,685957.1875299225,True,True
2014-06-30,2.9031696758091723,0.0,0.2,0.20000001131967093,0.13334080041815674,0.17330511925991782,1.131967092282693e-08,0.039964318841761076,875915.5398965131,True,True
2014-07-31,2.836523218197936,0.0,0.2,0.20000001147442834,0.13256252642965372,0.17015831529655193,1.1474428324165231e-08,0.03759578886689821,807215.5798264679,True,True
2014-08-31,2.678991003817319,0.0,0.2,0.200000005866232,0.1280995282094376,0.1595267797605184,5.866232000162341e-09,0.03142725155108081,1256078.5895737552,False,True
2014-09-30,2.897980422655631,0.0,0.2,0.2000000063413236,0.12838124093307485,0.1639166909809758,6.341323577352398e-09,0.03553545004790096,1314908.9782793685,False,True
2014-10-31,4.0697165365714834e-07,0.0,0.5469183442924108,0.6065310719435922,0.5469621720961778,0.606589993691464,0.05961272765118142,0.059627821595286234,0.0014217880909156433,True,False
2014-11-30,6.044346796487769e-11,0.0,0.5079597288003324,0.5583285877366436,0.5079597289526886,0.5583285875403392,0.05036885893631127,0.05036885858765061,1.9183491462015922e-09,False,False
2014-12-31,1.671257213859431e-07,0.0,0.5000517344314793,0.5465045443015657,0.5000775120143622,0.5465376837732961,0.046452809870086376,0.04646017175893391,0.0010611014762523796,True,False
2015-01-31,2.4962879642250824e-10,0.0,0.45538999732961016,0.48606216571070515,0.455389995992568,0.4860621673512042,0.03067216838109499,0.030672171358636202,2.243973828974788e-08,False,False
2015-02-28,1.7575964747866843,0.0,0.2,0.20000001162931919,0.12686089069031353,0.1457424264948072,1.1629319174311092e-08,0.01888153580449367,338664.4001316542,False,True
2015-03-31,1.1843996018346616e-10,0.0,0.5104775539587318,0.5271509050513474,0.5104775517496618,0.5271509074902873,0.016673351092615585,0.01667335574062545,8.075625490544525e-08,False,False
2015-04-30,8.447932682133089e-05,0.0,0.20793538719088508,0.3086282606410728,0.09410631001629921,0.30346619083167947,0.10069287345018771,0.20935988081538026,0.003463348198284661,True,True
2015-05-31,1.1417922318108915,0.0,0.2,0.20000001558605374,0.1541794185894125,0.17281006445815406,1.5586053725424875e-08,0.018630645868741552,324234.1427012154,False,True
2015-06-30,1.5792595668187444,0.0,0.2,0.20000000985630467,0.1502403846153846,0.17699271674970576,9.856304661326476e-09,0.026752332134321155,715147.7176558027,True,True
2015-07-31,1.0946381767019788,0.0,0.2,0.2000000113515535,0.12980438479211828,0.2088567806398119,1.1351553502736422e-08,0.07905239584769361,502630.5067441252,True,True
2015-08-31,1.94108963286799,0.0,0.2,0.20000000193393436,0.1176836099682725,0.18290998816572376,1.9339343459989777e-09,0.06522637819745127,3148671.3353722636,False,True
2015-09-30,2.0822982682069164,0.0,0.2,0.20000000220554232,0.13124720279399046,0.1548773990509113,2.2055423043454425e-09,0.023630196256920838,2560210.5297276755,False,True
2015-10-31,1.7147110488313448,0.0,0.2,0.2000000105943214,0.1103879474023508,0.1959666151274469,1.0594321392387585e-08,0.08557866772509609,529142.9358184297,False,True
2015-11-30,2.18596746528418,0.0,0.2,0.20000001715778726,0.13473529903152268,0.16186756319714338,1.7157787246535605e-08,0.0271322641656207,380332.01102981204,False,True
2015-12-31,2.295364074076177,0.0,0.2,0.2000000179933234,0.12884290056291464,0.15441630636195183,1.7993323386811255e-08,0.02557340579903719,340306.6970857515,False,True
2016-01-31,1.8214629264125632,0.0,0.2,0.2000000202852881,0.1405477426627051,0.16453348996921577,2.0285288088173203e-08,0.02398574730651068,295303.5150831065,True,True
2016-02-29,1.57642675542113,0.0,0.2,0.20000000971190557,0.1371420421272925,0.1674388387781653,9.7119055575412e-09,0.030296796650872787,518788.329627437,False,True
2016-03-31,1.6300426526368326,0.0,0.2,0.2000000166168694,0.13217320505483204,0.150571342960865,1.6616869380481347e-08,0.018398137906032952,244268.697846793,True,True
2016-04-30,6.491460580465061e-08,0.0,0.5235206173894368,0.5639937061851118,0.5235382811191154,0.5640157924421884,0.040473088795675016,0.04047751132307298,0.0008267230908145518,True,False
2016-05-31,7.401955322217847e-08,0.0,0.5138474479132626,0.5551056851529756,0.5138666927025791,0.5551299559226816,0.041258237239713,0.04126326322010243,0.000816258538709147,True,False
2016-06-30,6.815684318345385e-09,0.0,0.526759120667819,0.5543783933149448,0.5267649258841749,0.5543851868278079,0.027619272647125714,0.027620260943633013,0.0003894835338235647,True,False
2016-07-31,0.011342781240103498,0.0,0.40709093366690285,0.9677649155918036,0.41931358366354277,1.426126640045636,0.5606739819249007,1.0068130563820934,0.011418186584898583,True,False
2016-08-31,1.407438086213606e-10,0.0,0.5102275103979347,0.5530269932782859,0.5102275104469083,0.5530269932475405,0.04279948288035118,0.04279948280063217,3.828510841685784e-10,False,False
2016-09-30,1.9198026246156645e-10,0.0,0.521727333716258,0.5549789954245885,0.5217273348602554,0.5549789940450753,0.03325166170833049,0.03325165918481998,2.114571112654673e-08,False,False
2016-10-31,0.011135128251631373,0.0,0.41983427640457815,0.9360894152356588,0.4323482997903111,1.4098208117748234,0.5162551388310807,0.9774725119845123,0.01683866866125462,True,False
2016-11-30,0.37462731725771997,0.0,0.2,0.20000001130508493,0.17771174799052442,0.1987502583753359,1.1305084923751707e-08,0.02103851038481147,472970.80684402224,False,True
2016-12-31,1.5059648011607866e-10,0.0,0.6495615461688466,0.7487271634784329,0.6495615459564793,0.7487271638215035,0.09916561730958628,0.0991656178650242,1.05086167545565e-09,False,False
2017-01-31,4.093952176229337e-08,0.0,0.6175504219539613,0.6612588627689127,0.6175698625907056,0.6612838164011612,0.0437084408149514,0.04371395381045562,0.0008414145942074458,True,False
2017-02-28,5.808291136406794e-07,0.0,0.568821694786622,0.6370397593428886,0.5688961707598746,0.6371496473376702,0.06821806455626656,0.06825347657779557,0.0014697986013218478,True,False
2017-03-31,1.0814235750518444e-07,0.0,0.5421521951030631,0.5877208659128674,0.5421846789453424,0.5877650820520055,0.04556867080980431,0.045580403106663114,0.0010072977400134298,True,False
2017-04-30,0.055088788196111106,0.0,0.5203702191313427,0.5203707752254324,0.44953113902200004,1.5789058182679403,5.560940896653932e-07,1.1293746792459403,12025.56600058808,True,True
2017-05-31,0.01587385429077325,0.0,0.4693005837390838,0.9079749830509569,0.47221933643738845,2.210579835090744,0.43867439931187313,1.7383604986533556,0.03954780079642432,True,True
2017-06-30,1.3532970483645467e-10,0.0,0.5836485032946761,0.6297348189921573,0.583648503525237,0.629734818667859,0.04608631569748123,0.04608631514262196,3.0187985999852174e-09,False,False
2017-07-31,1.5208481250277045e-10,0.0,0.21357892068049866,0.30903685566431194,0.213578920614851,0.309036855735415,0.09545793498381328,0.095457935120564,6.943913499757315e-11,False,False
2017-08-31,0.004197309412392636,0.0,0.45880658227220594,0.864805862447752,0.466995119900997,1.0947386858756813,0.4059992801755461,0.6277435659746844,0.013344262825832016,True,False
2017-09-30,0.0064945271961288275,0.0,0.4246577268320926,1.3918902914111344,0.4278825376857545,16.9664065151001,0.9672325645790418,16.538523977414346,0.01680790502390337,False,True
2017-10-31,2.004074705854418e-10,0.0,0.22060688970848,0.26078339315118904,0.22060688955316077,0.2607833933135138,0.04017650344270904,0.04017650376035303,9.34955446396657e-10,False,False
2017-11-30,1.2258449444687086e-05,0.0,0.20352336066023802,0.28387261733915403,0.20244144381237728,0.28299750962191533,0.08034925667891601,0.08055606580953806,0.00387762117751822,True,False
2017-12-31,0.02893941799382882,0.0,0.342656996144587,0.7136820673295055,0.3447182273209878,2.9201343261790043,0.37102507118491845,2.5754160988580166,0.01673837465815133,False,True
2018-01-31,0.02929310822467043,0.0,0.46339429510800434,1.5,0.49212840614373105,1.1534025374855825,1.0366057048919957,0.6612741313418515,0.011515825161433499,True,False
2018-02-28,0.7158832332987365,0.0,0.2,0.4768257806471436,0.06435010575939881,0.6218016079789582,0.2768257806471436,0.5574515022195594,0.020236748066678883,True,True
2018-03-31,0.00022080163715738888,0.0,0.459848220587619,1.3772926791547688,0.45963697871421155,5.328502158043374,0.9174444585671498,4.868865179329163,0.0003961588661990027,False,True
2018-04-30,5.736652620170271e-06,0.0,0.46335945294659747,0.4633636912294588,0.4640521965910726,85.5431993156544,4.2382828613352075e-06,85.07914711906334,4.66659594680346,False,True
2018-05-31,0.0023618801568869555,0.0,0.52109032801567,0.7799285025649174,0.5206733347565071,1.276079882600651,0.2588381745492474,0.7554065478441438,0.016667927220282947,True,False
2018-06-30,3.1159156138273136e-07,0.0,0.42723657371517454,0.42867467103356327,0.403774483875266,0.42760077481260395,0.0014380973183887313,0.023826290937337957,0.023119335893812536,True,False
2018-07-31,6.581182719480194e-09,0.0,0.2892581147275668,0.3079679229792762,0.2892413777145303,0.30795288320886904,0.018709808251709426,0.018711505494338754,0.0006793529451797897,True,False
2018-08-31,0.0075085401756082755,0.0,0.41635262092258163,1.343192368346465,0.42115193477198837,5.811926072300361,0.9268397474238834,5.390774137528372,0.009434014776652584,False,True
2018-09-30,0.0037187485829110437,0.0,0.4225282502062905,0.9463354156268298,0.41997748920657857,3.34739238133494,0.5238071654205393,2.9274148921283616,0.01158988070691482,False,True
2018-10-31,0.008619966839726604,0.0,0.38019306918421647,1.0541832094409322,0.3695737336556016,3.7069988137603795,0.6739901402567158,3.337425080104778,0.01781830479465355,False,True
2018-11-30,0.02584318946536544,0.0,0.2,0.44957160355260584,0.3880978161735884,2.6797438164911433,0.24957160355260583,2.291646000317555,0.03018903415357825,False,True
2018-12-31,0.07888877391671936,0.0,0.41114864788415173,1.5,0.3976095712575993,2.047963300497655,1.0888513521158483,1.6503537292400556,0.0047842845641997405,False,True
2019-01-31,3.4993650684682197e-06,0.0,0.349745441519015,1.2687250074279337,0.3497469580758321,118.90606420927466,0.9189795659089187,118.55631725119883,2.84531306848001e-05,False,True
2019-02-28,0.0011792775044707122,0.0,0.3860631648770293,0.6519882604216056,0.3908738767261968,0.7156915369475756,0.26592509554457633,0.3248176602213788,0.006271223625878026,True,False
2019-03-31,0.022243999582875287,0.0,0.2,0.2533267091866068,0.11445157096226302,0.27952246382280516,0.05332670918660681,0.16507089286054213,0.01780646377819167,True,True
2019-04-30,0.015112074205007691,0.0,0.27622298888974484,0.27622298891645164,0.32539902054894815,0.487414946091907,2.670680343541676e-11,0.16201592554295885,31224034.41009246,True,False
2019-05-31,0.0021610073615185776,0.0,0.35286813104301507,0.6451659588137597,0.35787650397600795,0.8066858120099383,0.29229782777074464,0.4488093080339303,0.007515757561047087,True,False
2019-06-30,0.006132846849401015,0.0,0.31904526542075007,1.2017252116661798,0.32113450397564514,6.787023211619384,0.8826799462454298,6.465888707643739,0.00350237852570307,False,True
2019-07-31,0.041745043820179954,0.0,0.2558638994053577,0.41567858786767015,0.2642622326987516,2.4043085208693977,0.15981468846231245,2.1400462881706463,0.008248048404611586,False,True
2019-08-31,0.030418078662368127,0.0,0.2,0.22700385980297894,0.07953481676371241,0.2688078104797413,0.027003859802978925,0.18927299371602888,0.04184097099278583,True,True
2019-09-30,0.013951810441144562,0.0,0.23301790226612068,0.861542421318997,0.22603007556185425,3.537944454272068,0.6285245190528763,3.3119143787102137,0.008791853679643953,False,True
2019-10-31,0.12572777919779599,0.0,0.33110171882304423,0.3311017188231824,0.08310907733964519,0.21285064483102853,1.3816725541460073e-13,0.12974156749138333,13548522380.180819,True,True
2019-11-30,8.569223232517575e-11,0.0,0.2713542203835386,0.8932798553655423,0.2713542203721894,0.8932798556459753,0.6219256349820037,0.6219256352737859,9.79594877437151e-13,False,False
2019-12-31,0.0452764361558545,0.0,0.36789213884093386,0.608441630211819,0.35702045013138356,1.6528106044328381,0.2405494913708851,1.2957901543014545,0.02495407000425301,True,True
2020-01-31,0.10928101136879398,0.0,0.34631569625816727,0.3463194563842217,0.1372904090293156,0.22415644326488343,3.7601260544084525e-06,0.08686603423556782,493.1472225472683,False,True
2020-02-29,0.12954261059447592,0.0,0.33444020468236846,0.33444032190495776,0.11321335736475534,0.19425736381101869,1.17222589302024e-07,0.08104400644626335,15398.841154694424,True,True
2020-03-31,1.1535962639607528e-10,0.0,0.2594047180695097,1.407063458286077,0.25940471805301196,1.4070634585619812,1.1476587402165674,1.1476587405089693,1.5599197281113142e-12,False,False
2020-04-30,0.03690212698344381,0.0,0.2,0.28129792469641773,0.06938936663467817,0.31259377813344,0.08129792469641772,0.24320441149876187,0.00668339681942073,True,True
2020-05-31,1.3817822341683314e-10,0.0,0.44073832418948783,0.4801574924748038,0.44073832484177494,0.48015749165726357,0.039419168285316,0.03941916681548863,3.895017877675322e-09,False,False
2020-06-30,0.03614727729149382,0.0,0.32243515185044114,1.1497500300377004,0.3388945936145481,4.738662749372128,0.8273148781872592,4.399768155757579,0.023224678991807298,False,True
2020-07-31,0.018697967305484977,0.0,0.28962457806125574,1.1609864441631321,0.29619537046635963,9.626492106276473,0.8713618661018764,9.330296735810114,0.010585792680188605,False,True
2020-08-31,2.0852085730178644e-06,0.0,0.4304496566701673,0.5134047116148774,0.4306075873056884,0.5136713633351655,0.08295505494471012,0.08306377602947712,0.0009553220911423729,True,False
2020-09-30,0.01719480630385642,0.0,0.2883506006330715,1.1588559325330992,0.2942024465875458,30.74085459575776,0.8705053319000277,30.446652149170216,0.024785260049912845,False,True
2020-10-31,1.317241405762323e-10,0.0,0.4570759937630341,0.5661263928140725,0.4570759934546718,0.5661263933785857,0.10905039905103842,0.10905039992391391,3.623371672145659e-10,False,False
2020-11-30,0.0032288847031216486,0.0,0.32795469056475723,0.6946244577556031,0.33408948921057996,0.8895610016456879,0.3666697671908459,0.555471512435108,0.004545669434240924,True,False
2020-12-31,0.006208316348988948,0.0,0.26448944091961984,1.5,0.2654766234559216,1.48434021077631,1.23551055908038,1.2188635873203884,0.00015472243483291917,False,False
2021-01-31,0.003938172889205728,0.0,0.2929560941120085,1.1640666909789363,0.294256120527307,22.24199288256228,0.8711105968669278,21.94773676203497,0.004348629796111123,False,True
2021-02-28,1.7768310410405473e-10,0.0,0.36548772508194244,1.1014671541614574,0.36548772509475275,1.1014671542494603,0.735979429079515,0.7359794291547075,1.7123581198819071e-12,False,False
2021-03-31,0.02042712868171385,0.0,0.3626891278133372,1.2720986670307293,0.37218996575852314,6.096817461285209,0.9094095392173921,5.724627495526685,0.01670936503619621,False,True
2021-04-30,0.015213210189908472,0.0,0.3707794778507688,1.276904817842074,0.37874914308006374,5.828185103158876,0.9061253399913053,5.449435960078812,0.013179000401804362,False,True
2021-05-31,4.4473494193558884e-10,0.0,0.41289043942332193,0.9678668223599656,0.4128904395218729,0.9678668215253582,0.5549763829366436,0.5549763820034853,1.646373315455918e-11,False,False
2021-06-30,7.480151749168477e-11,0.0,0.48819305116445677,0.5759273868755415,0.48819305106011124,0.5759273870750377,0.08773433571108469,0.08773433601492642,2.284725186818548e-10,False,False
2021-07-31,9.870556532932925e-11,0.0,0.47995699732316816,0.4987779922461068,0.47995699585317153,0.49877799391490846,0.01882099492293865,0.018820998061736927,4.5061145648173095e-08,False,False
2021-08-31,1.1658659651200526e-10,0.0,0.4557718938069112,0.4768990135789663,0.45577189528184936,0.4768990118652474,0.021127119772055114,0.021127116583398053,3.1592072541331007e-08,False,False
2021-09-30,0.005350543945127592,0.0,0.3859342923977287,1.3325103193670436,0.3896174735644544,58.68544600938967,0.9465760269693149,58.295828535825216,0.03040920084245962,False,True
2021-10-31,0.02961381139591581,0.0,0.5366733784934914,1.5,0.5200775955772601,2.2460805893715468,0.9633266215065086,1.7260029937942867,0.0028249720396702786,False,True
2021-11-30,0.08915318207011438,0.0,0.2866992926329764,0.4621021422012325,0.3985159266890101,2.437419260486996,0.17540284956825614,2.038903333797986,0.020858316104420613,False,True
2021-12-31,0.0011498187133064267,0.0,0.3405872113485514,1.5,0.34022053094816057,1.5574868392362085,1.1594127886514487,1.217266308288048,3.711372175026e-05,False,True
2022-01-31,0.07723275842704835,0.0,0.2,1.2505928783296323,0.2844246232084804,0.8846660827870519,1.0505928783296323,0.6002414595785716,0.008024883954514235,True,False
2022-02-28,0.5289734060697499,0.0,0.21569124976743892,0.21569125220826185,0.3069933075458955,1.094415199238287,2.4408229326589037e-09,0.7874218916923914,327730.13012696867,True,False
2022-03-31,0.07241103681032988,0.0,1.4999999644008848,1.5,1.2466340879625013,2.558133585735847,3.559911521122672e-08,1.3114994977733458,80520.4913996503,False,True
2022-04-30,0.5430195460451029,0.0,0.2,0.3887211844175422,0.09789898978032445,0.801160079795544,0.1887211844175422,0.7032610900152196,0.03736038977830506,True,True
2022-05-31,1.4591858890786844,0.0,0.2,1.0847844381436451,0.07443932301902074,0.8860456667936666,0.8847844381436452,0.8116063437746458,0.0238509224129657,True,True
2022-06-30,2.1786014349719585,0.0,0.2,1.5,0.08233658041360958,1.4583849844682,1.3,1.3760484040545904,0.027485647659395367,True,True
2022-07-31,0.5856540301812956,0.0,0.2,0.21201028133667127,0.08513826454161559,2.992847095441894,0.012010281336671258,2.9077088309002788,0.2967373380775516,False,True
2022-08-31,2.406641475106784,0.0,0.2,1.2367269347931056,0.09305008886283486,0.9165650807035554,1.0367269347931056,0.8235149918407205,0.026842163502059695,False,True
2022-09-30,0.6023742901270968,0.0,0.2,0.20000001951939694,0.11199587855166929,6.762239653773329,1.951939693212168e-08,6.65024377522166,70923.79896972308,True,True
2022-10-31,0.4634277966536449,0.0,0.2,0.2198689026521888,0.09882799876267347,2.92243848266994,0.019868902652188797,2.8236104839072667,0.21964072137682294,True,True
2022-11-30,1.7486916772042136,0.0,0.2,1.5,0.1050877167171438,1.3838532008524536,1.3,1.2787654841353098,0.013776328581960769,True,True
2022-12-31,2.2915492945957556,0.0,0.2,1.4726743409725227,0.09422024736583744,1.2093068253277222,1.2726743409725227,1.1150865779618848,0.025860153736979447,True,True
2023-01-31,3.981597977608657,0.0,0.2,0.20000002368238662,0.08842952697277433,1.1861974069724683,2.3682386607326578e-08,1.097767879999694,177844.6236510178,True,True
2023-02-28,4.310768565779209,0.0,1.2217257180781802,1.2217257258359564,0.08595207827827674,1.14501631648251,7.75777619921314e-09,1.0590642382042332,3019313.673539561,True,True
2023-03-31,1.8643680097835607,0.0,0.2,0.2000000150840457,0.11844748512299587,0.13646511678684695,1.50840456791812e-08,0.018017631663851078,251431.05083338072,False,True
2023-04-30,7.487474971029264e-11,0.0,0.820109074442323,0.8714976687878554,0.8201090745069095,0.871497668743736,0.051388594345532446,0.05138859423682651,6.43818276468977e-10,False,False
2023-05-31,2.1528367017523355,0.0,0.2,0.20000001599854028,0.12163689198279082,0.14643453863602085,1.599854027034553e-08,0.024797646653230032,287467.5787390588,True,True
2023-06-30,5.802390623592094e-09,0.0,0.7494015774820042,0.7964138642881005,0.7493948636476045,0.7964066133605173,0.04701228680609626,0.047011749712912776,0.0002653092329106821,True,False
2023-07-31,1.579236431595824,0.0,0.2,0.20000003269161828,0.07547067285123674,1.1919803561637303,3.269161827357259e-08,1.1165096833124937,196323.43998929337,True,True
2023-08-31,1.01937869558625,0.0,0.2,0.20798313410321548,0.07501307102762657,1.2756566442576316,0.007983134103215467,1.200643573230005,0.9338437103420917,True,True
2023-09-30,0.7603876698452646,0.0,0.2,0.29702456002249744,0.07498680232279119,1.745292074628689,0.09702456002249743,1.670305272305898,0.12914486425105035,True,True
2023-10-31,0.9614940428526753,0.0,0.2,0.33782336431564153,0.0712455213284155,1.8234532557757883,0.13782336431564152,1.7522077344473728,0.1171168023230373,True,True
2023-11-30,1.4607851122962282e-07,0.0,0.213571453355953,0.2473346881625431,0.21360081851833657,0.247361885491236,0.033763234806590076,0.033761066972899434,0.0014835049795015043,True,False
2023-12-31,1.3421894593760169,0.0,0.2,0.35902778410228525,0.0785221503133819,0.6012072241060049,0.15902778410228524,0.522685073792623,0.06695493769117444,True,True
2024-01-31,1.3618700474577135,0.0,0.2,0.36520054880935254,0.07527864390039732,0.649451862627942,0.16520054880935253,0.5741732187275447,0.06368853553999759,True,True
2024-02-29,0.33996804270667424,0.0,0.2,0.23916598507801068,0.09476642918199513,0.3531235544004492,0.03916598507801067,0.25835712521845405,0.17450196754971156,True,True
2024-03-31,0.349595338551697,0.0,0.2,0.2546342555595161,0.0960835388720369,0.36100040432045283,0.054634255559516065,0.2649168654484159,0.1192618609404604,True,True
2024-04-30,0.11485763104296086,0.0,0.2,0.2000000166215321,0.17999337624375422,0.2143567582398738,1.6621532095140168e-08,0.034363381996119574,439574.51157743594,True,True
2024-05-31,1.5561183290998308,0.0,0.2,0.2000000120319748,0.14889305458568272,0.1734972535384765,1.2031974777615417e-08,0.024604198952793782,522211.376604243,True,True
2024-06-30,0.10614870969632834,0.0,0.2,0.20000000006604512,0.17920600985274643,0.2156018093303839,6.6045113822355e-11,0.036395799477637464,111053107.57742523,True,True
2024-07-31,0.8302949991023109,0.0,0.2,0.2863735713918555,0.07408104317961764,0.5282396940435692,0.08637357139185547,0.4541586508639516,0.08679099780921291,True,True
2024-08-31,1.350599528647297,0.0,0.2,0.36028609967053116,0.0731453984229852,1.0122482032594393,0.16028609967053115,0.9391028048364541,0.061877590290630946,True,True
2024-09-30,1.6873166259491945,0.0,0.2,0.41018593374095436,0.07111465104040735,1.266784899923993,0.21018593374095434,1.1956702488835858,0.053870098702321054,True,True
2024-10-31,1.0739329844826928,0.0,0.2,0.3124506802261707,0.07840978679594872,0.9988712754587316,0.11245068022617066,0.9204614886627829,0.06211491072952597,True,True
2024-11-30,1.4244457867642595,0.0,0.2,0.40366268950089906,0.07837875120703278,1.3991884706870015,0.20366268950089905,1.3208097194799686,0.04390202876533315,True,True
2024-12-31,1.302077068659928,0.0,0.2,0.3442829497336142,0.08131780380128205,1.537373551025428,0.14428294973361416,1.456055747224146,0.04657735529547251,True,True
2025-01-31,0.8309050658453535,0.0,0.2,0.25404856439435475,0.07910090744561021,0.9378927425859579,0.05404856439435474,0.8587918351403476,0.10210548961060388,True,True
2025-02-28,0.8778453646748394,0.0,0.2,0.25519973079172054,0.0783739597816188,0.972526136639922,0.055199730791720525,0.8941521768583033,0.10261491451525058,True,True
2025-03-31,0.48522151368187766,0.0,0.2,0.3289396131861996,0.10549101849468535,0.4753506899715265,0.12893961318619956,0.3698596714768412,0.027882798089527865,True,True
2025-04-30,1.2751137616289832,0.0,0.2,0.2542750023481021,0.07731267332534951,1.3550135501355014,0.054275002348102064,1.2777008768101519,0.11877931614216561,True,True
2025-05-31,0.9937650268744197,0.0,0.2,0.227417123462405,0.07303348219991455,1.153548893169837,0.02741712346240499,1.0805154109699224,0.1962169016516459,True,True
2025-06-30,0.8252793655285919,0.0,0.2,0.21583016489885715,0.07286786796633796,1.8719580681392736,0.015830164898857135,1.7990902001729356,0.3211539232009499,True,True
2025-07-31,0.03713350837321203,0.0,0.2,0.20000001620624525,0.18355460841377616,0.21389505025464206,1.6206245234684502e-08,0.0303404418408659,262072.4455630744,True,True
2025-08-31,7.42693531995249e-09,0.0,0.20000006787449576,0.21988926635956035,0.1999904004607779,0.21987976974190515,0.019889198485064596,0.01988936928112725,0.0006447594260334533,True,True
2025-09-30,0.3987883698919213,0.0,0.2,0.20000001749313498,0.176017601760176,0.1896507581289056,1.7493134968349366e-08,0.01363315636872961,222297.1936245285,True,True
2025-10-31,0.6208727131237646,0.0,0.2,0.2000000017282807,0.1656451880072884,0.17861353033214972,1.7282806852314536e-09,0.012968342324861326,2124505.2314100186,True,True
2025-11-30,0.8036159094059755,0.0,0.2,0.20000000941342788,0.156466853279467,0.16926201760324983,9.413427870530455e-09,0.012795164323782832,369723.3298157021,True,True
2025-12-31,0.6502022555509227,0.0,0.2,0.2000000113470976,0.15822935027864188,0.16861273869240823,1.1347097594871514e-08,0.010383388413766348,255726.26684066892,True,True
2026-01-31,0.39173716678070486,0.0,0.2,0.20000001144305757,0.17444182975524067,0.18585633305454885,1.1443057557070091e-08,0.011414503299308182,285077.44045216136,True,True
2026-02-28,0.45156767024259176,0.0,0.2,0.20000000963302628,0.17312539818841582,0.1862658721806332,9.633026265554179e-09,0.013140473992217377,377819.9800948492,True,True
2026-03-31,0.0006236043626205973,0.0,0.5744420963811196,0.9636594060953709,0.5789583381579861,0.9759620545953174,0.3892173097142513,0.39700371643733123,0.005451237178244452,True,False
2026-04-30,0.00021448157626928114,0.0,0.5581210962687431,0.8362860303160896,0.5603370987986372,0.8410428931875525,0.27816493404734655,0.2807057943889153,0.004198029593133701,True,False
2026-05-31,6.642580200944786e-08,0.0,0.5765148794033539,0.6236390381623875,0.5765350245027385,0.6236630223957391,0.04712415875903364,0.047127997893000595,0.000720531531781976,True,False
2026-06-30,2.254309707953218e-08,0.0,0.5402269056204353,0.5760484935493226,0.5402368398305817,0.5760600945890676,0.035821587928887344,0.03582325475848591,0.0005210462433071217,True,False
2026-07-31,3.404021053151885e-08,0.0,0.5712877459717494,0.6119271204973268,0.5713012528636475,0.6119426732103737,0.04063937452557742,0.04064142034672613,0.0006217238432765781,True,False
2026-08-31,3.397316735826227e-08,0.0,0.5765609829327836,0.617222278570398,0.5765749143786252,0.6172382292669679,0.04066129563761445,0.04066331488834274,0.0006473122391381647,True,False
